Workbook

Sheet CGE-Flood Weighted Av Calcs
A1: 2020
A2: sector | B2: AAL | C2: %AAL per sector | D2: total asset value
A3: housing | B3: ='Flood (national AAL PML)'!B10 -> 56.327998 | C3: =(B3/D3)*100 -> 0.94947125 | D3: =('Flood (national AAL PML)'!B10*100)/'Flood (national AAL PML)'!C10 -> 5932.5649 | E3: =D3/$D$12 -> 0.11179621
A4: services | B4: ='Flood (national AAL PML)'!D10 -> 180.32301 | C4: =(B4/D4)*100 -> 0.92626481 | D4: =('Flood (national AAL PML)'!D10*100)/'Flood (national AAL PML)'!E10 -> 19467.76 | E4: =D4/$D$12 -> 0.36686017
A5: productive | B5: ='Flood (national AAL PML)'!F10 -> 216.18826 | C5: =(B5/D5)*100 -> 0.92611724 | D5: =('Flood (national AAL PML)'!F10*100)/'Flood (national AAL PML)'!G10 -> 23343.509 | E5: =D5/$D$12 -> 0.43989671
A6: roads | B6: ='Flood (national AAL PML)'!J10 -> 70.478123 | C6: =(B6/D6)*100 -> 1.948361 | D6: =('Flood (national AAL PML)'!J10*100)/'Flood (national AAL PML)'!K10 -> 3617.303 | E6: =D6/$D$12 -> 0.068166261
A7: schools | B7: ='Flood (national AAL PML)'!N10 -> 8.079959 | C7: =(B7/D7)*100 -> 1.3337888 | D7: =('Flood (national AAL PML)'!N10*100)/'Flood (national AAL PML)'!O10 -> 605.79 | E7: =D7/$D$12 -> 0.011415809
A8: health centers | B8: ='Flood (national AAL PML)'!R10 -> 3.1013483 | C8: =(B8/D8)*100 -> 3.133973 | D8: =('Flood (national AAL PML)'!R10*100)/'Flood (national AAL PML)'!S10 -> 98.959 | E8: =D8/$D$12 -> 0.0018648327
C10: =SUMPRODUCT(C3:C8,D3:D8)/SUM(D3:D8) -> 1.007236
B11: =SUM(B3:B8,'Flood (national AAL PML)'!T10) -> 594.3987
A12: asset value (all sectors) | D12: =SUM(D3:D8) -> 53065.886
A17: 2050
A18: sector | B18: AAL | C18: %AAL per sector | D18: total asset value
A19: housing | B19: ='Flood (national AAL PML)'!B21 -> 151.21875 | C19: =(B19/D19)*100 -> 2.5489494 | D19: =('Flood (national AAL PML)'!B21*100)/'Flood (national AAL PML)'!C21 -> 5932.5912 | E19: =D19/$D$27 -> 0.11179536
A20: services | B20: ='Flood (national AAL PML)'!D21 -> 479.48056 | C20: =(B20/D20)*100 -> 2.4629358 | D20: =('Flood (national AAL PML)'!D21*100)/'Flood (national AAL PML)'!E21 -> 19467.847 | E20: =D20/$D$27 -> 0.36685738
A21: productive | B21: ='Flood (national AAL PML)'!F21 -> 574.96418 | C21: =(B21/D21)*100 -> 2.4630471 | D21: =('Flood (national AAL PML)'!F21*100)/'Flood (national AAL PML)'!G21 -> 23343.613 | E21: =D21/$D$27 -> 0.43989336
A22: roads | B22: ='Flood (national AAL PML)'!J21 -> 148.34601 | C22: =(B22/D22)*100 -> 4.1010115 | D22: =('Flood (national AAL PML)'!J21*100)/'Flood (national AAL PML)'!K21 -> 3617.303 | E22: =D22/$D$27 -> 0.068165438
A23: schools | B23: ='Flood (national AAL PML)'!N21 -> 18.424418 | C23: =(B23/D23)*100 -> 3.0392598 | D23: =('Flood (national AAL PML)'!N21*100)/'Flood (national AAL PML)'!O21 -> 606.214 | E23: =D23/$D$27 -> 0.011423661
A24: health centers | B24: ='Flood (national AAL PML)'!R21 -> 8.0079496 | C24: =(B24/D24)*100 -> 8.0921893 | D24: =('Flood (national AAL PML)'!R21*100)/'Flood (national AAL PML)'!S21 -> 98.959 | E24: =D24/$D$27 -> 0.0018648102
C25: =SUMPRODUCT(C19:C24,D19:D24)/SUM(D19:D24) -> 2.6013421
A27: asset value (all sectors) | D27: =SUM(D19:D24) -> 53066.527

Sheet Flood (national AAL PML)
A2: Base year 2020 (no climate change) | AH2: Housing | AP2: Services | AX2: Productive Sector | BF2: Roads | BN2: Schools | BV2: Health Centers
A4: RP | B4: Housing | D4: Services Sector | F4: Industrial Sector | H4: Roads | L4: Schools | P4: Health Centers | T4: Agriculture | AG4: 1 | AH4: =1/AH5 -> 0.1 | AI4: =1/AI5 -> 0.04 | AJ4: =1/AJ5 -> 0.01 | AK4: =1/AK5 -> 0.005 | AP4: 1 | AQ4: =1/AQ5 -> 0.1 | AR4: =1/AR5 -> 0.04 | AS4: =1/AS5 -> 0.01 | AT4: =1/AT5 -> 0.005 | AX4: 1 | AY4: =1/AY5 -> 0.1 | AZ4: =1/AZ5 -> 0.04 | BA4: =1/BA5 -> 0.01 | BB4: =1/BB5 -> 0.005 | BF4: 1 | BG4: =1/BG5 -> 0.1 | BH4: =1/BH5 -> 0.04 | BI4: =1/BI5 -> 0.01 | BJ4: =1/BJ5 -> 0.005 | BN4: 1 | BO4: =1/BO5 -> 0.1 | BP4: =1/BP5 -> 0.04 | BQ4: =1/BQ5 -> 0.01 | BR4: =1/BR5 -> 0.005 | BV4: 1 | BW4: =1/BW5 -> 0.1 | BX4: =1/BX5 -> 0.04 | BY4: =1/BY5 -> 0.01 | BZ4: =1/BZ5 -> 0.005
B5: US$ million | C5: % of total asset value | D5: US$ million | E5: % of total asset value | F5: US$ million | G5: % of total asset value | H5: km | I5: % of asset | J5: US$ million | K5: % of total asset value | L5: Number | M5: % of asset | N5: US$ million | O5: % of total asset value | P5: Number | Q5: % of asset | R5: US$ million | S5: % of total asset value | T5: US$ million | AB5: CGE interpolation | AF5: RP | AG5: 1 | AH5: 10 | AI5: 25 | AJ5: 100 | AK5: 200 | AO5: RP | AP5: 1 | AQ5: 10 | AR5: 25 | AS5: 100 | AT5: 200 | AX5: 1 | AY5: 10 | AZ5: 25 | BA5: 100 | BB5: 200 | BF5: 1 | BG5: 10 | BH5: 25 | BI5: 100 | BJ5: 200 | BN5: 1 | BO5: 10 | BP5: 25 | BQ5: 100 | BR5: 200 | BV5: 1 | BW5: 10 | BX5: 25 | BY5: 100 | BZ5: 200
A6: 10 | B6: 92.689411 | C6: 1.5623834 | D6: 298.13222 | E6: 1.5314151 | F6: 357.43199 | G6: 1.5311837 | H6: 1385.6159 | I6: 3.2014437 | J6: 112.59323 | K6: 3.1126291 | L6: 269.1568 | M6: 2.3531807 | N6: 14.26354 | O6: 2.3545354 | P6: 83.906 | Q6: 5.6808396 | R6: 5.5796796 | S6: 5.6383751 | T6: =MINDSET!C58 -> 144 | AE6: =(AH36-AH6)/30 -> 0.091746034 | AF6: 2020 | AG6: 0 | AH6: =C6 -> 1.5623834 | AI6: =C7 -> 1.8158097 | AJ6: =C8 -> 2.5044538 | AK6: =C9 -> 2.6002784 | AN6: =($AQ36-$AQ6)/30 -> 0.087612605 | AO6: 2020 | AP6: 0 | AQ6: =E6 -> 1.5314151 | AR6: =E7 -> 1.7673307 | AS6: =E8 -> 2.4226856 | AT6: =E9 -> 2.5199447 | AW6: =(AY36-AY6)/30 -> 0.087659767 | AX6: 0 | AY6: =G6 -> 1.5311837 | AZ6: =G7 -> 1.7667284 | BA6: =G8 -> 2.4218742 | BB6: =G9 -> 2.5192071 | BE6: =(BG36-BG6)/30 -> 0.11759469 | BF6: 0 | BG6: =K6 -> 3.1126291 | BH6: =K7 -> 3.8034416 | BI6: =K8 -> 4.761555 | BJ6: =K9 -> 4.9215119 | BM6: =(BO36-BO6)/30 -> 0.091013244 | BN6: 0 | BO6: =O6 -> 2.3545354 | BP6: =O7 -> 2.7634156 | BQ6: =O8 -> 3.4956868 | BR6: =O9 -> 3.6356308 | BU6: =(BW36-BW6)/30 -> 0.18413496 | BV6: 0 | BW6: =S6 -> 5.6383751 | BX6: =S7 -> 6.4471226 | BY6: =S8 -> 8.0198375 | BZ6: =S9 -> 8.3341909
A7: 25 | B7: 107.72409 | C7: 1.8158097 | D7: 344.05971 | E7: 1.7673307 | F7: 412.4164 | G7: 1.7667284 | H7: 1740.7415 | I7: 4.0219557 | J7: 137.58201 | K7: 3.8034416 | L7: 315.733 | M7: 2.7603865 | N7: 16.740495 | O7: 2.7634156 | P7: 95.926001 | Q7: 6.4946514 | R7: 6.380008 | S7: 6.4471226 | T7: =MINDSET!D58 -> 242 | AA7: 2020 | AB7: =U10 -> 1.007236 | AC7: =(AB37-AB7)/30 -> 0.053136869 | AE7: =(AI36-AI6)/30 -> 0.16349108 | AF7: 2021 | AG7: 0 | AH7: =AH6+$AE$6 -> 1.6541295 | AI7: =AI6+$AE$7 -> 1.9793008 | AJ7: =AJ6+$AE$8 -> 2.7509651 | AK7: =AK6+$AE$9 -> 2.8782746 | AN7: =(AR36-AR6)/30 -> 0.15437556 | AO7: 2021 | AQ7: =AQ6+$AN$6 -> 1.6190277 | AR7: =AR6+$AN$7 -> 1.9217063 | AS7: =AS6+$AN$8 -> 2.6552861 | AT7: =AT6+$AN$9 -> 2.7832633 | AW7: =(AZ36-AZ6)/30 -> 0.1544948 | AY7: =AY6+$AW$6 -> 1.6188434 | AZ7: =AZ6+$AW$7 -> 1.9212232 | BA7: =BA6+$AW$8 -> 2.6546965 | BB7: =BB6+$AW$9 -> 2.7827846 | BE7: =(BH36-BH6)/30 -> 0.15203534 | BG7: =BG6+$BE$6 -> 3.2302238 | BH7: =BH6+$BE$7 -> 3.9554769 | BI7: =BI6+$BE$8 -> 4.9518502 | BJ7: =BJ6+$BE$9 -> 5.1218224 | BM7: =(BP36-BP6)/30 -> 0.11840314 | BO7: =BO6+$BM$6 -> 2.4455487 | BP7: =BP6+$BM$7 -> 2.8818187 | BQ7: =BQ6+$BM$8 -> 3.6356788 | BR7: =BR6+$BM$9 -> 3.7767011 | BU7: =(BX36-BX6)/30 -> 0.21767772 | BW7: =BW6+$BU$6 -> 5.8225101 | BX7: =BX6+$BU$7 -> 6.6648003 | BY7: =BY6+$BU$8 -> 8.2987114 | BZ7: =BZ6+$BU$9 -> 8.6255503
A8: 100 | B8: 148.57835 | C8: 2.5044538 | D8: 471.64263 | E8: 2.4226856 | F8: 565.35041 | G8: 2.4218742 | H8: 2124.2693 | I8: 4.9080906 | J8: 172.23987 | K8: 4.761555 | L8: 399.5764 | M8: 3.4934114 | N8: 21.176521 | O8: 3.4956868 | P8: 119.199 | Q8: 8.0703452 | R8: 7.936351 | S8: 8.0198375 | T8: =MINDSET!E58 -> 330 | AA8: 2021 | AB8: =AB7+$AC$7 -> 1.0603729 | AE8: =(AJ36-AJ6)/30 -> 0.24651124 | AF8: 2022 | AH8: =AH7+$AE$6 -> 1.7458755 | AI8: =AI7+$AE$7 -> 2.1427919 | AJ8: =AJ7+$AE$8 -> 2.9974763 | AK8: =AK7+$AE$9 -> 3.1562707 | AN8: =(AS36-AS6)/30 -> 0.23260051 | AO8: 2022 | AQ8: =AQ7+$AN$6 -> 1.7066403 | AR8: =AR7+$AN$7 -> 2.0760819 | AS8: =AS7+$AN$8 -> 2.8878866 | AT8: =AT7+$AN$9 -> 3.0465818 | AW8: =(BA36-BA6)/30 -> 0.23282232 | AY8: =AY7+$AW$6 -> 1.7065032 | AZ8: =AZ7+$AW$7 -> 2.075718 | BA8: =BA7+$AW$8 -> 2.8875188 | BB8: =BB7+$AW$9 -> 3.046362 | BE8: =(BI36-BI6)/30 -> 0.19029518 | BG8: =BG7+$BE$6 -> 3.3478185 | BH8: =BH7+$BE$7 -> 4.1075123 | BI8: =BI7+$BE$8 -> 5.1421454 | BJ8: =BJ7+$BE$9 -> 5.3221329 | BM8: =(BQ36-BQ6)/30 -> 0.13999194 | BO8: =BO7+$BM$6 -> 2.5365619 | BP8: =BP7+$BM$7 -> 3.0002219 | BQ8: =BQ7+$BM$8 -> 3.7756707 | BR8: =BR7+$BM$9 -> 3.9177714 | BU8: =(BY36-BY6)/30 -> 0.27887385 | BW8: =BW7+$BU$6 -> 6.006645 | BX8: =BX7+$BU$7 -> 6.882478 | BY8: =BY7+$BU$8 -> 8.5775852 | BZ8: =BZ7+$BU$9 -> 8.9169097
A9: 200 | B9: 154.2632 | C9: 2.6002784 | D9: 490.57679 | E9: 2.5199447 | F9: 588.07132 | G9: 2.5192071 | H9: 2178.8823 | I9: 5.0342732 | J9: 178.026 | K9: 4.9215119 | L9: 419.1248 | M9: 3.664319 | N9: 22.024288 | O9: 3.6356308 | P9: 122.715 | Q9: 8.3083954 | R9: 8.247432 | S9: 8.3341909 | T9: =MINDSET!F58 -> 540 | U9: weighted average (%of damage of total capital in the dataset) | AA9: 2022 | AB9: =AB8+$AC$7 -> 1.1135097 | AE9: =(AK36-AK6)/30 -> 0.27799615 | AF9: 2023 | AH9: =AH8+$AE$6 -> 1.8376215 | AI9: =AI8+$AE$7 -> 2.3062829 | AJ9: =AJ8+$AE$8 -> 3.2439875 | AK9: =AK8+$AE$9 -> 3.4342668 | AN9: =(AT36-AT6)/30 -> 0.26331855 | AO9: 2023 | AQ9: =AQ8+$AN$6 -> 1.7942529 | AR9: =AR8+$AN$7 -> 2.2304574 | AS9: =AS8+$AN$8 -> 3.1204872 | AT9: =AT8+$AN$9 -> 3.3099004 | AW9: =(BB36-BB6)/30 -> 0.26357749 | AY9: =AY8+$AW$6 -> 1.794163 | AZ9: =AZ8+$AW$7 -> 2.2302128 | BA9: =BA8+$AW$8 -> 3.1203411 | BB9: =BB8+$AW$9 -> 3.3099395 | BE9: =(BJ36-BJ6)/30 -> 0.2003105 | BG9: =BG8+$BE$6 -> 3.4654131 | BH9: =BH8+$BE$7 -> 4.2595476 | BI9: =BI8+$BE$8 -> 5.3324406 | BJ9: =BJ8+$BE$9 -> 5.5224434 | BM9: =(BR36-BR6)/30 -> 0.1410703 | BO9: =BO8+$BM$6 -> 2.6275752 | BP9: =BP8+$BM$7 -> 3.118625 | BQ9: =BQ8+$BM$8 -> 3.9156626 | BR9: =BR8+$BM$9 -> 4.0588417 | BU9: =(BZ36-BZ6)/30 -> 0.29135936 | BW9: =BW8+$BU$6 -> 6.19078 | BX9: =BX8+$BU$7 -> 7.1001557 | BY9: =BY8+$BU$8 -> 8.8564591 | BZ9: =BZ8+$BU$9 -> 9.208269
A10: AAL | B10: 56.327998 | C10: 0.94947125 | D10: 180.32301 | E10: 0.92626481 | F10: 216.18826 | G10: 0.92611724 | H10: 905.13021 | I10: 2.0912891 | J10: 70.478123 | K10: 1.948361 | L10: 152.44233 | M10: 1.3327708 | N10: 8.079959 | O10: 1.3337888 | P10: 46.613182 | Q10: 3.1559365 | R10: 3.1013483 | S10: 3.133973 | T10: 59.9 | U10: ='CGE-Flood Weighted Av Calcs'!C10 -> 1.007236 | AA10: 2023 | AB10: =AB9+$AC$7 -> 1.1666466 | AF10: 2024 | AH10: =AH9+$AE$6 -> 1.9293676 | AI10: =AI9+$AE$7 -> 2.469774 | AJ10: =AJ9+$AE$8 -> 3.4904988 | AK10: =AK9+$AE$9 -> 3.712263 | AO10: 2024 | AQ10: =AQ9+$AN$6 -> 1.8818655 | AR10: =AR9+$AN$7 -> 2.384833 | AS10: =AS9+$AN$8 -> 3.3530877 | AT10: =AT9+$AN$9 -> 3.5732189 | AY10: =AY9+$AW$6 -> 1.8818227 | AZ10: =AZ9+$AW$7 -> 2.3847076 | BA10: =BA9+$AW$8 -> 3.3531634 | BB10: =BB9+$AW$9 -> 3.573517 | BG10: =BG9+$BE$6 -> 3.5830078 | BH10: =BH9+$BE$7 -> 4.4115829 | BI10: =BI9+$BE$8 -> 5.5227358 | BJ10: =BJ9+$BE$9 -> 5.7227539 | BO10: =BO9+$BM$6 -> 2.7185884 | BP10: =BP9+$BM$7 -> 3.2370281 | BQ10: =BQ9+$BM$8 -> 4.0556546 | BR10: =BR9+$BM$9 -> 4.199912 | BW10: =BW9+$BU$6 -> 6.3749149 | BX10: =BX9+$BU$7 -> 7.3178335 | BY10: =BY9+$BU$8 -> 9.1353329 | BZ10: =BZ9+$BU$9 -> 9.4996284
B11: =(B10+D10+F10)/(B10/C10+D10/E10+F10/G10) -> 0.92901857 | AA11: 2024 | AB11: =AB10+$AC$7 -> 1.2197835 | AF11: 2025 | AH11: =AH10+$AE$6 -> 2.0211136 | AI11: =AI10+$AE$7 -> 2.6332651 | AJ11: =AJ10+$AE$8 -> 3.73701 | AK11: =AK10+$AE$9 -> 3.9902591 | AO11: 2025 | AQ11: =AQ10+$AN$6 -> 1.9694781 | AR11: =AR10+$AN$7 -> 2.5392085 | AS11: =AS10+$AN$8 -> 3.5856882 | AT11: =AT10+$AN$9 -> 3.8365375 | AY11: =AY10+$AW$6 -> 1.9694825 | AZ11: =AZ10+$AW$7 -> 2.5392024 | BA11: =BA10+$AW$8 -> 3.5859858 | BB11: =BB10+$AW$9 -> 3.8370945 | BG11: =BG10+$BE$6 -> 3.7006025 | BH11: =BH10+$BE$7 -> 4.5636183 | BI11: =BI10+$BE$8 -> 5.7130309 | BJ11: =BJ10+$BE$9 -> 5.9230644 | BO11: =BO10+$BM$6 -> 2.8096017 | BP11: =BP10+$BM$7 -> 3.3554313 | BQ11: =BQ10+$BM$8 -> 4.1956465 | BR11: =BR10+$BM$9 -> 4.3409823 | BW11: =BW10+$BU$6 -> 6.5590499 | BX11: =BX10+$BU$7 -> 7.5355112 | BY11: =BY10+$BU$8 -> 9.4142068 | BZ11: =BZ10+$BU$9 -> 9.7909878
AA12: 2025 | AB12: =AB11+$AC$7 -> 1.2729203 | AF12: 2026 | AH12: =AH11+$AE$6 -> 2.1128596 | AI12: =AI11+$AE$7 -> 2.7967562 | AJ12: =AJ11+$AE$8 -> 3.9835212 | AK12: =AK11+$AE$9 -> 4.2682553 | AO12: 2026 | AQ12: =AQ11+$AN$6 -> 2.0570907 | AR12: =AR11+$AN$7 -> 2.6935841 | AS12: =AS11+$AN$8 -> 3.8182887 | AT12: =AT11+$AN$9 -> 4.099856 | AY12: =AY11+$AW$6 -> 2.0571423 | AZ12: =AZ11+$AW$7 -> 2.6936972 | BA12: =BA11+$AW$8 -> 3.8188081 | BB12: =BB11+$AW$9 -> 4.100672 | BG12: =BG11+$BE$6 -> 3.8181972 | BH12: =BH11+$BE$7 -> 4.7156536 | BI12: =BI11+$BE$8 -> 5.9033261 | BJ12: =BJ11+$BE$9 -> 6.1233749 | BO12: =BO11+$BM$6 -> 2.9006149 | BP12: =BP11+$BM$7 -> 3.4738344 | BQ12: =BQ11+$BM$8 -> 4.3356385 | BR12: =BR11+$BM$9 -> 4.4820526 | BW12: =BW11+$BU$6 -> 6.7431848 | BX12: =BX11+$BU$7 -> 7.7531889 | BY12: =BY11+$BU$8 -> 9.6930806 | BZ12: =BZ11+$BU$9 -> 10.082347
A13: Year 2050 (SSP585, no adaptation, no socio-economic projections) | AA13: 2026 | AB13: =AB12+$AC$7 -> 1.3260572 | AF13: 2027 | AH13: =AH12+$AE$6 -> 2.2046057 | AI13: =AI12+$AE$7 -> 2.9602473 | AJ13: =AJ12+$AE$8 -> 4.2300325 | AK13: =AK12+$AE$9 -> 4.5462514 | AO13: 2027 | AQ13: =AQ12+$AN$6 -> 2.1447033 | AR13: =AR12+$AN$7 -> 2.8479596 | AS13: =AS12+$AN$8 -> 4.0508892 | AT13: =AT12+$AN$9 -> 4.3631746 | AY13: =AY12+$AW$6 -> 2.1448021 | AZ13: =AZ12+$AW$7 -> 2.848192 | BA13: =BA12+$AW$8 -> 4.0516304 | BB13: =BB12+$AW$9 -> 4.3642495 | BG13: =BG12+$BE$6 -> 3.9357919 | BH13: =BH12+$BE$7 -> 4.8676889 | BI13: =BI12+$BE$8 -> 6.0936213 | BJ13: =BJ12+$BE$9 -> 6.3236854 | BO13: =BO12+$BM$6 -> 2.9916281 | BP13: =BP12+$BM$7 -> 3.5922376 | BQ13: =BQ12+$BM$8 -> 4.4756304 | BR13: =BR12+$BM$9 -> 4.6231229 | BW13: =BW12+$BU$6 -> 6.9273198 | BX13: =BX12+$BU$7 -> 7.9708666 | BY13: =BY12+$BU$8 -> 9.9719545 | BZ13: =BZ12+$BU$9 -> 10.373706
AA14: 2027 | AB14: =AB13+$AC$7 -> 1.3791941 | AF14: 2028 | AH14: =AH13+$AE$6 -> 2.2963517 | AI14: =AI13+$AE$7 -> 3.1237384 | AJ14: =AJ13+$AE$8 -> 4.4765437 | AK14: =AK13+$AE$9 -> 4.8242476 | AO14: 2028 | AQ14: =AQ13+$AN$6 -> 2.2323159 | AR14: =AR13+$AN$7 -> 3.0023352 | AS14: =AS13+$AN$8 -> 4.2834897 | AT14: =AT13+$AN$9 -> 4.6264931 | AY14: =AY13+$AW$6 -> 2.2324618 | AZ14: =AZ13+$AW$7 -> 3.0026868 | BA14: =BA13+$AW$8 -> 4.2844527 | BB14: =BB13+$AW$9 -> 4.627827 | BG14: =BG13+$BE$6 -> 4.0533866 | BH14: =BH13+$BE$7 -> 5.0197243 | BI14: =BI13+$BE$8 -> 6.2839165 | BJ14: =BJ13+$BE$9 -> 6.5239959 | BO14: =BO13+$BM$6 -> 3.0826414 | BP14: =BP13+$BM$7 -> 3.7106407 | BQ14: =BQ13+$BM$8 -> 4.6156224 | BR14: =BR13+$BM$9 -> 4.7641932 | BW14: =BW13+$BU$6 -> 7.1114548 | BX14: =BX13+$BU$7 -> 8.1885444 | BY14: =BY13+$BU$8 -> 10.250828 | BZ14: =BZ13+$BU$9 -> 10.665066
A15: RP | B15: Housing | D15: Services Sector | F15: Productive Sector | H15: Roads | L15: Schools | P15: Health Centers | AA15: 2028 | AB15: =AB14+$AC$7 -> 1.4323309 | AF15: 2029 | AH15: =AH14+$AE$6 -> 2.3880977 | AI15: =AI14+$AE$7 -> 3.2872294 | AJ15: =AJ14+$AE$8 -> 4.723055 | AK15: =AK14+$AE$9 -> 5.1022437 | AO15: 2029 | AQ15: =AQ14+$AN$6 -> 2.3199285 | AR15: =AR14+$AN$7 -> 3.1567107 | AS15: =AS14+$AN$8 -> 4.5160902 | AT15: =AT14+$AN$9 -> 4.8898117 | AY15: =AY14+$AW$6 -> 2.3201216 | AZ15: =AZ14+$AW$7 -> 3.1571816 | BA15: =BA14+$AW$8 -> 4.517275 | BB15: =BB14+$AW$9 -> 4.8914045 | BG15: =BG14+$BE$6 -> 4.1709813 | BH15: =BH14+$BE$7 -> 5.1717596 | BI15: =BI14+$BE$8 -> 6.4742116 | BJ15: =BJ14+$BE$9 -> 6.7243064 | BO15: =BO14+$BM$6 -> 3.1736546 | BP15: =BP14+$BM$7 -> 3.8290438 | BQ15: =BQ14+$BM$8 -> 4.7556143 | BR15: =BR14+$BM$9 -> 4.9052635 | BW15: =BW14+$BU$6 -> 7.2955897 | BX15: =BX14+$BU$7 -> 8.4062221 | BY15: =BY14+$BU$8 -> 10.529702 | BZ15: =BZ14+$BU$9 -> 10.956425
B16: US$ million | C16: % of total asset value | D16: US$ million | E16: % of total asset value | F16: US$ million | G16: % of total asset value | H16: km | I16: % of asset | J16: US$ million | K16: % of total asset value | L16: Number | M16: % of asset | N16: US$ million | O16: % of total asset value | P16: Number | Q16: % of asset | R16: US$ million | S16: % of total asset value | AA16: 2029 | AB16: =AB15+$AC$7 -> 1.4854678 | AF16: 2030 | AH16: =AH15+$AE$6 -> 2.4798438 | AI16: =AI15+$AE$7 -> 3.4507205 | AJ16: =AJ15+$AE$8 -> 4.9695662 | AK16: =AK15+$AE$9 -> 5.3802399 | AO16: 2030 | AQ16: =AQ15+$AN$6 -> 2.4075411 | AR16: =AR15+$AN$7 -> 3.3110863 | AS16: =AS15+$AN$8 -> 4.7486907 | AT16: =AT15+$AN$9 -> 5.1531302 | AY16: =AY15+$AW$6 -> 2.4077814 | AZ16: =AZ15+$AW$7 -> 3.3116764 | BA16: =BA15+$AW$8 -> 4.7500974 | BB16: =BB15+$AW$9 -> 5.1549819 | BG16: =BG15+$BE$6 -> 4.288576 | BH16: =BH15+$BE$7 -> 5.323795 | BI16: =BI15+$BE$8 -> 6.6645068 | BJ16: =BJ15+$BE$9 -> 6.9246169 | BO16: =BO15+$BM$6 -> 3.2646679 | BP16: =BP15+$BM$7 -> 3.947447 | BQ16: =BQ15+$BM$8 -> 4.8956063 | BR16: =BR15+$BM$9 -> 5.0463338 | BW16: =BW15+$BU$6 -> 7.4797247 | BX16: =BX15+$BU$7 -> 8.6238998 | BY16: =BY15+$BU$8 -> 10.808576 | BZ16: =BZ15+$BU$9 -> 11.247785
A17: 10 | B17: 255.97734 | C17: 4.3147645 | D17: 809.82217 | E17: 4.1597932 | F17: 971.32228 | G17: 4.1609767 | H17: 3140.9923 | I17: 7.2572132 | J17: 240.20592 | K17: 6.6404699 | L17: 581.6146 | M17: 5.0849327 | N17: 30.825574 | O17: 5.0849328 | P17: 164.869 | Q17: 11.162424 | R17: 11.046223 | S17: 11.162424 | AA17: 2030 | AB17: =AB16+$AC$7 -> 1.5386047 | AF17: 2031 | AH17: =AH16+$AE$6 -> 2.5715898 | AI17: =AI16+$AE$7 -> 3.6142116 | AJ17: =AJ16+$AE$8 -> 5.2160774 | AK17: =AK16+$AE$9 -> 5.658236 | AO17: 2031 | AQ17: =AQ16+$AN$6 -> 2.4951537 | AR17: =AR16+$AN$7 -> 3.4654619 | AS17: =AS16+$AN$8 -> 4.9812912 | AT17: =AT16+$AN$9 -> 5.4164488 | AY17: =AY16+$AW$6 -> 2.4954411 | AZ17: =AZ16+$AW$7 -> 3.4661712 | BA17: =BA16+$AW$8 -> 4.9829197 | BB17: =BB16+$AW$9 -> 5.4185594 | BG17: =BG16+$BE$6 -> 4.4061707 | BH17: =BH16+$BE$7 -> 5.4758303 | BI17: =BI16+$BE$8 -> 6.854802 | BJ17: =BJ16+$BE$9 -> 7.1249274 | BO17: =BO16+$BM$6 -> 3.3556811 | BP17: =BP16+$BM$7 -> 4.0658501 | BQ17: =BQ16+$BM$8 -> 5.0355982 | BR17: =BR16+$BM$9 -> 5.1874041 | BW17: =BW16+$BU$6 -> 7.6638596 | BX17: =BX16+$BU$7 -> 8.8415775 | BY17: =BY16+$BU$8 -> 11.08745 | BZ17: =BZ16+$BU$9 -> 11.539144
A18: 25 | B18: 398.7023 | C18: 6.7205422 | D18: 1245.6691 | E18: 6.3985974 | F18: 1494.3583 | G18: 6.4015724 | H18: 3811.0608 | I18: 8.805396 | J18: 302.56937 | K18: 8.3645017 | L18: 722.36802 | M18: 6.3155098 | N18: 38.285504 | O18: 6.3155097 | P18: 191.677 | Q18: 12.977454 | R18: 12.842359 | S18: 12.977454 | AA18: 2031 | AB18: =AB17+$AC$7 -> 1.5917416 | AF18: 2032 | AH18: =AH17+$AE$6 -> 2.6633358 | AI18: =AI17+$AE$7 -> 3.7777027 | AJ18: =AJ17+$AE$8 -> 5.4625887 | AK18: =AK17+$AE$9 -> 5.9362321 | AO18: 2032 | AQ18: =AQ17+$AN$6 -> 2.5827664 | AR18: =AR17+$AN$7 -> 3.6198374 | AS18: =AS17+$AN$8 -> 5.2138917 | AT18: =AT17+$AN$9 -> 5.6797674 | AY18: =AY17+$AW$6 -> 2.5831009 | AZ18: =AZ17+$AW$7 -> 3.620666 | BA18: =BA17+$AW$8 -> 5.215742 | BB18: =BB17+$AW$9 -> 5.6821369 | BG18: =BG17+$BE$6 -> 4.5237654 | BH18: =BH17+$BE$7 -> 5.6278656 | BI18: =BI17+$BE$8 -> 7.0450972 | BJ18: =BJ17+$BE$9 -> 7.3252379 | BO18: =BO17+$BM$6 -> 3.4466944 | BP18: =BP17+$BM$7 -> 4.1842532 | BQ18: =BQ17+$BM$8 -> 5.1755901 | BR18: =BR17+$BM$9 -> 5.3284744 | BW18: =BW17+$BU$6 -> 7.8479946 | BX18: =BX17+$BU$7 -> 9.0592553 | BY18: =BY17+$BU$8 -> 11.366324 | BZ18: =BZ17+$BU$9 -> 11.830503
A19: 100 | B19: 587.31413 | C19: 9.899791 | D19: 1830.114 | E19: 9.4007008 | F19: 2195.8271 | G19: 9.4065437 | H19: 4628.7882 | I19: 10.694742 | J19: 378.74647 | K19: 10.47041 | L19: 880.20501 | M19: 7.6954451 | N19: 46.650866 | O19: 7.6954451 | P19: 242.022 | Q19: 16.386053 | R19: 16.215474 | S19: 16.386053 | AA19: 2032 | AB19: =AB18+$AC$7 -> 1.6448784 | AF19: 2033 | AH19: =AH18+$AE$6 -> 2.7550819 | AI19: =AI18+$AE$7 -> 3.9411938 | AJ19: =AJ18+$AE$8 -> 5.7090999 | AK19: =AK18+$AE$9 -> 6.2142283 | AO19: 2033 | AQ19: =AQ18+$AN$6 -> 2.670379 | AR19: =AR18+$AN$7 -> 3.774213 | AS19: =AS18+$AN$8 -> 5.4464922 | AT19: =AT18+$AN$9 -> 5.9430859 | AY19: =AY18+$AW$6 -> 2.6707607 | AZ19: =AZ18+$AW$7 -> 3.7751608 | BA19: =BA18+$AW$8 -> 5.4485643 | BB19: =BB18+$AW$9 -> 5.9457144 | BG19: =BG18+$BE$6 -> 4.6413601 | BH19: =BH18+$BE$7 -> 5.779901 | BI19: =BI18+$BE$8 -> 7.2353924 | BJ19: =BJ18+$BE$9 -> 7.5255484 | BO19: =BO18+$BM$6 -> 3.5377076 | BP19: =BP18+$BM$7 -> 4.3026564 | BQ19: =BQ18+$BM$8 -> 5.3155821 | BR19: =BR18+$BM$9 -> 5.4695447 | BW19: =BW18+$BU$6 -> 8.0321295 | BX19: =BX18+$BU$7 -> 9.276933 | BY19: =BY18+$BU$8 -> 11.645198 | BZ19: =BZ18+$BU$9 -> 12.121863
A20: 200 | B20: 649.03514 | C20: 10.940163 | D20: 2028.4525 | E20: 10.419501 | F20: 2433.9292 | G20: 10.426532 | H20: 4773.8522 | I20: 11.02991 | J20: 395.40113 | K20: 10.930827 | L20: 899.91207 | M20: 7.8677398 | N20: 47.69534 | O20: 7.8677398 | P20: 252.19733 | Q20: 17.074972 | R20: 16.897221 | S20: 17.074972 | U20: weighted average | AA20: 2033 | AB20: =AB19+$AC$7 -> 1.6980153 | AF20: 2034 | AH20: =AH19+$AE$6 -> 2.8468279 | AI20: =AI19+$AE$7 -> 4.1046849 | AJ20: =AJ19+$AE$8 -> 5.9556112 | AK20: =AK19+$AE$9 -> 6.4922244 | AO20: 2034 | AQ20: =AQ19+$AN$6 -> 2.7579916 | AR20: =AR19+$AN$7 -> 3.9285885 | AS20: =AS19+$AN$8 -> 5.6790927 | AT20: =AT19+$AN$9 -> 6.2064045 | AY20: =AY19+$AW$6 -> 2.7584204 | AZ20: =AZ19+$AW$7 -> 3.9296556 | BA20: =BA19+$AW$8 -> 5.6813866 | BB20: =BB19+$AW$9 -> 6.2092919 | BG20: =BG19+$BE$6 -> 4.7589548 | BH20: =BH19+$BE$7 -> 5.9319363 | BI20: =BI19+$BE$8 -> 7.4256875 | BJ20: =BJ19+$BE$9 -> 7.7258589 | BO20: =BO19+$BM$6 -> 3.6287209 | BP20: =BP19+$BM$7 -> 4.4210595 | BQ20: =BQ19+$BM$8 -> 5.455574 | BR20: =BR19+$BM$9 -> 5.610615 | BW20: =BW19+$BU$6 -> 8.2162645 | BX20: =BX19+$BU$7 -> 9.4946107 | BY20: =BY19+$BU$8 -> 11.924071 | BZ20: =BZ19+$BU$9 -> 12.413222
A21: AAL | B21: 151.21875 | C21: 2.5489494 | D21: 479.48056 | E21: 2.4629358 | F21: 574.96418 | G21: 2.4630471 | H21: 1930.6804 | I21: 4.4608067 | J21: 148.34601 | K21: 4.1010115 | L21: 347.63053 | M21: 3.0392598 | N21: 18.424418 | O21: 3.0392598 | P21: 119.52164 | Q21: 8.0921893 | R21: 8.0079496 | S21: 8.0921893 | U21: ='CGE-Flood Weighted Av Calcs'!C25 -> 2.6013421 | AA21: 2034 | AB21: =AB20+$AC$7 -> 1.7511522 | AF21: 2035 | AH21: =AH20+$AE$6 -> 2.9385739 | AI21: =AI20+$AE$7 -> 4.2681759 | AJ21: =AJ20+$AE$8 -> 6.2021224 | AK21: =AK20+$AE$9 -> 6.7702206 | AO21: 2035 | AQ21: =AQ20+$AN$6 -> 2.8456042 | AR21: =AR20+$AN$7 -> 4.0829641 | AS21: =AS20+$AN$8 -> 5.9116932 | AT21: =AT20+$AN$9 -> 6.469723 | AY21: =AY20+$AW$6 -> 2.8460802 | AZ21: =AZ20+$AW$7 -> 4.0841504 | BA21: =BA20+$AW$8 -> 5.9142089 | BB21: =BB20+$AW$9 -> 6.4728694 | BG21: =BG20+$BE$6 -> 4.8765495 | BH21: =BH20+$BE$7 -> 6.0839716 | BI21: =BI20+$BE$8 -> 7.6159827 | BJ21: =BJ20+$BE$9 -> 7.9261694 | BO21: =BO20+$BM$6 -> 3.7197341 | BP21: =BP20+$BM$7 -> 4.5394626 | BQ21: =BQ20+$BM$8 -> 5.595566 | BR21: =BR20+$BM$9 -> 5.7516853 | BW21: =BW20+$BU$6 -> 8.4003995 | BX21: =BX20+$BU$7 -> 9.7122884 | BY21: =BY20+$BU$8 -> 12.202945 | BZ21: =BZ20+$BU$9 -> 12.704581
B22: =(B21+D21+F21)/(B21/C21+D21/E21+F21/G21) -> 2.4734578 | AA22: 2035 | AB22: =AB21+$AC$7 -> 1.804289 | AF22: 2036 | AH22: =AH21+$AE$6 -> 3.03032 | AI22: =AI21+$AE$7 -> 4.431667 | AJ22: =AJ21+$AE$8 -> 6.4486336 | AK22: =AK21+$AE$9 -> 7.0482167 | AO22: 2036 | AQ22: =AQ21+$AN$6 -> 2.9332168 | AR22: =AR21+$AN$7 -> 4.2373396 | AS22: =AS21+$AN$8 -> 6.1442937 | AT22: =AT21+$AN$9 -> 6.7330416 | AY22: =AY21+$AW$6 -> 2.93374 | AZ22: =AZ21+$AW$7 -> 4.2386452 | BA22: =BA21+$AW$8 -> 6.1470313 | BB22: =BB21+$AW$9 -> 6.7364469 | BG22: =BG21+$BE$6 -> 4.9941442 | BH22: =BH21+$BE$7 -> 6.236007 | BI22: =BI21+$BE$8 -> 7.8062779 | BJ22: =BJ21+$BE$9 -> 8.1264799 | BO22: =BO21+$BM$6 -> 3.8107473 | BP22: =BP21+$BM$7 -> 4.6578658 | BQ22: =BQ21+$BM$8 -> 5.7355579 | BR22: =BR21+$BM$9 -> 5.8927556 | BW22: =BW21+$BU$6 -> 8.5845344 | BX22: =BX21+$BU$7 -> 9.9299662 | BY22: =BY21+$BU$8 -> 12.481819 | BZ22: =BZ21+$BU$9 -> 12.995941
AA23: 2036 | AB23: =AB22+$AC$7 -> 1.8574259 | AF23: 2037 | AH23: =AH22+$AE$6 -> 3.122066 | AI23: =AI22+$AE$7 -> 4.5951581 | AJ23: =AJ22+$AE$8 -> 6.6951449 | AK23: =AK22+$AE$9 -> 7.3262129 | AO23: 2037 | AQ23: =AQ22+$AN$6 -> 3.0208294 | AR23: =AR22+$AN$7 -> 4.3917152 | AS23: =AS22+$AN$8 -> 6.3768942 | AT23: =AT22+$AN$9 -> 6.9963601 | AY23: =AY22+$AW$6 -> 3.0213997 | AZ23: =AZ22+$AW$7 -> 4.39314 | BA23: =BA22+$AW$8 -> 6.3798536 | BB23: =BB22+$AW$9 -> 7.0000244 | BG23: =BG22+$BE$6 -> 5.1117389 | BH23: =BH22+$BE$7 -> 6.3880423 | BI23: =BI22+$BE$8 -> 7.9965731 | BJ23: =BJ22+$BE$9 -> 8.3267904 | BO23: =BO22+$BM$6 -> 3.9017606 | BP23: =BP22+$BM$7 -> 4.7762689 | BQ23: =BQ22+$BM$8 -> 5.8755499 | BR23: =BR22+$BM$9 -> 6.0338259 | BW23: =BW22+$BU$6 -> 8.7686694 | BX23: =BX22+$BU$7 -> 10.147644 | BY23: =BY22+$BU$8 -> 12.760693 | BZ23: =BZ22+$BU$9 -> 13.2873
A24: Year 2050 (SSP585, no adaptation, with socio-economic projections) | AA24: 2037 | AB24: =AB23+$AC$7 -> 1.9105628 | AF24: 2038 | AH24: =AH23+$AE$6 -> 3.213812 | AI24: =AI23+$AE$7 -> 4.7586492 | AJ24: =AJ23+$AE$8 -> 6.9416561 | AK24: =AK23+$AE$9 -> 7.604209 | AO24: 2038 | AQ24: =AQ23+$AN$6 -> 3.108442 | AR24: =AR23+$AN$7 -> 4.5460907 | AS24: =AS23+$AN$8 -> 6.6094947 | AT24: =AT23+$AN$9 -> 7.2596787 | AY24: =AY23+$AW$6 -> 3.1090595 | AZ24: =AZ23+$AW$7 -> 4.5476348 | BA24: =BA23+$AW$8 -> 6.6126759 | BB24: =BB23+$AW$9 -> 7.2636018 | BG24: =BG23+$BE$6 -> 5.2293336 | BH24: =BH23+$BE$7 -> 6.5400776 | BI24: =BI23+$BE$8 -> 8.1868682 | BJ24: =BJ23+$BE$9 -> 8.5271009 | BO24: =BO23+$BM$6 -> 3.9927738 | BP24: =BP23+$BM$7 -> 4.8946721 | BQ24: =BQ23+$BM$8 -> 6.0155418 | BR24: =BR23+$BM$9 -> 6.1748962 | BW24: =BW23+$BU$6 -> 8.9528043 | BX24: =BX23+$BU$7 -> 10.365322 | BY24: =BY23+$BU$8 -> 13.039567 | BZ24: =BZ23+$BU$9 -> 13.57866
AA25: 2038 | AB25: =AB24+$AC$7 -> 1.9636996 | AF25: 2039 | AH25: =AH24+$AE$6 -> 3.3055581 | AI25: =AI24+$AE$7 -> 4.9221403 | AJ25: =AJ24+$AE$8 -> 7.1881673 | AK25: =AK24+$AE$9 -> 7.8822052 | AO25: 2039 | AQ25: =AQ24+$AN$6 -> 3.1960546 | AR25: =AR24+$AN$7 -> 4.7004663 | AS25: =AS24+$AN$8 -> 6.8420953 | AT25: =AT24+$AN$9 -> 7.5229972 | AY25: =AY24+$AW$6 -> 3.1967193 | AZ25: =AZ24+$AW$7 -> 4.7021296 | BA25: =BA24+$AW$8 -> 6.8454982 | BB25: =BB24+$AW$9 -> 7.5271793 | BG25: =BG24+$BE$6 -> 5.3469283 | BH25: =BH24+$BE$7 -> 6.692113 | BI25: =BI24+$BE$8 -> 8.3771634 | BJ25: =BJ24+$BE$9 -> 8.7274114 | BO25: =BO24+$BM$6 -> 4.0837871 | BP25: =BP24+$BM$7 -> 5.0130752 | BQ25: =BQ24+$BM$8 -> 6.1555338 | BR25: =BR24+$BM$9 -> 6.3159665 | BW25: =BW24+$BU$6 -> 9.1369393 | BX25: =BX24+$BU$7 -> 10.582999 | BY25: =BY24+$BU$8 -> 13.318441 | BZ25: =BZ24+$BU$9 -> 13.870019
A26: RP | B26: Housing | D26: Services Sector | F26: Productive Sector | H26: Roads | L26: Schools | P26: Health Centers | AA26: 2039 | AB26: =AB25+$AC$7 -> 2.0168365 | AF26: 2040 | AH26: =AH25+$AE$6 -> 3.3973041 | AI26: =AI25+$AE$7 -> 5.0856313 | AJ26: =AJ25+$AE$8 -> 7.4346786 | AK26: =AK25+$AE$9 -> 8.1602013 | AO26: 2040 | AQ26: =AQ25+$AN$6 -> 3.2836672 | AR26: =AR25+$AN$7 -> 4.8548419 | AS26: =AS25+$AN$8 -> 7.0746958 | AT26: =AT25+$AN$9 -> 7.7863158 | AY26: =AY25+$AW$6 -> 3.284379 | AZ26: =AZ25+$AW$7 -> 4.8566244 | BA26: =BA25+$AW$8 -> 7.0783205 | BB26: =BB25+$AW$9 -> 7.7907568 | BG26: =BG25+$BE$6 -> 5.464523 | BH26: =BH25+$BE$7 -> 6.8441483 | BI26: =BI25+$BE$8 -> 8.5674586 | BJ26: =BJ25+$BE$9 -> 8.9277219 | BO26: =BO25+$BM$6 -> 4.1748003 | BP26: =BP25+$BM$7 -> 5.1314783 | BQ26: =BQ25+$BM$8 -> 6.2955257 | BR26: =BR25+$BM$9 -> 6.4570368 | BW26: =BW25+$BU$6 -> 9.3210742 | BX26: =BX25+$BU$7 -> 10.800677 | BY26: =BY25+$BU$8 -> 13.597314 | BZ26: =BZ25+$BU$9 -> 14.161378
B27: US$ million | C27: % of total asset value | D27: US$ million | E27: % of total asset value | F27: US$ million | G27: % of total asset value | H27: km | I27: % of asset | J27: US$ million | K27: % of total asset value | L27: Number | M27: % of asset | N27: US$ million | O27: % of total asset value | P27: Number | Q27: % of asset | R27: US$ million | S27: % of total asset value | AA27: 2040 | AB27: =AB26+$AC$7 -> 2.0699734 | AF27: 2041 | AH27: =AH26+$AE$6 -> 3.4890501 | AI27: =AI26+$AE$7 -> 5.2491224 | AJ27: =AJ26+$AE$8 -> 7.6811898 | AK27: =AK26+$AE$9 -> 8.4381975 | AO27: 2041 | AQ27: =AQ26+$AN$6 -> 3.3712798 | AR27: =AR26+$AN$7 -> 5.0092174 | AS27: =AS26+$AN$8 -> 7.3072963 | AT27: =AT26+$AN$9 -> 8.0496343 | AY27: =AY26+$AW$6 -> 3.3720388 | AZ27: =AZ26+$AW$7 -> 5.0111192 | BA27: =BA26+$AW$8 -> 7.3111428 | BB27: =BB26+$AW$9 -> 8.0543343 | BG27: =BG26+$BE$6 -> 5.5821176 | BH27: =BH26+$BE$7 -> 6.9961836 | BI27: =BI26+$BE$8 -> 8.7577538 | BJ27: =BJ26+$BE$9 -> 9.1280324 | BO27: =BO26+$BM$6 -> 4.2658136 | BP27: =BP26+$BM$7 -> 5.2498815 | BQ27: =BQ26+$BM$8 -> 6.4355176 | BR27: =BR26+$BM$9 -> 6.5981071 | BW27: =BW26+$BU$6 -> 9.5052092 | BX27: =BX26+$BU$7 -> 11.018355 | BY27: =BY26+$BU$8 -> 13.876188 | BZ27: =BZ26+$BU$9 -> 14.452738
A28: 10 | B28: 1462.8132 | C28: 13.453487 | D28: 4894.3245 | E28: 13.349927 | F28: 5872.4238 | G28: 13.360896 | AA28: 2041 | AB28: =AB27+$AC$7 -> 2.1231102 | AF28: 2042 | AH28: =AH27+$AE$6 -> 3.5807962 | AI28: =AI27+$AE$7 -> 5.4126135 | AJ28: =AJ27+$AE$8 -> 7.9277011 | AK28: =AK27+$AE$9 -> 8.7161936 | AO28: 2042 | AQ28: =AQ27+$AN$6 -> 3.4588924 | AR28: =AR27+$AN$7 -> 5.163593 | AS28: =AS27+$AN$8 -> 7.5398968 | AT28: =AT27+$AN$9 -> 8.3129529 | AY28: =AY27+$AW$6 -> 3.4596986 | AZ28: =AZ27+$AW$7 -> 5.165614 | BA28: =BA27+$AW$8 -> 7.5439652 | BB28: =BB27+$AW$9 -> 8.3179118 | BG28: =BG27+$BE$6 -> 5.6997123 | BH28: =BH27+$BE$7 -> 7.148219 | BI28: =BI27+$BE$8 -> 8.948049 | BJ28: =BJ27+$BE$9 -> 9.3283429 | BO28: =BO27+$BM$6 -> 4.3568268 | BP28: =BP27+$BM$7 -> 5.3682846 | BQ28: =BQ27+$BM$8 -> 6.5755096 | BR28: =BR27+$BM$9 -> 6.7391774 | BW28: =BW27+$BU$6 -> 9.6893442 | BX28: =BX27+$BU$7 -> 11.236033 | BY28: =BY27+$BU$8 -> 14.155062 | BZ28: =BZ27+$BU$9 -> 14.744097
A29: 25 | B29: 1677.4659 | C29: 15.427647 | D29: 5623.1096 | E29: 15.337786 | F29: 6746.8152 | G29: 15.350305 | AA29: 2042 | AB29: =AB28+$AC$7 -> 2.1762471 | AF29: 2043 | AH29: =AH28+$AE$6 -> 3.6725422 | AI29: =AI28+$AE$7 -> 5.5761046 | AJ29: =AJ28+$AE$8 -> 8.1742123 | AK29: =AK28+$AE$9 -> 8.9941897 | AO29: 2043 | AQ29: =AQ28+$AN$6 -> 3.546505 | AR29: =AR28+$AN$7 -> 5.3179685 | AS29: =AS28+$AN$8 -> 7.7724973 | AT29: =AT28+$AN$9 -> 8.5762714 | AY29: =AY28+$AW$6 -> 3.5473583 | AZ29: =AZ28+$AW$7 -> 5.3201088 | BA29: =BA28+$AW$8 -> 7.7767875 | BB29: =BB28+$AW$9 -> 8.5814893 | BG29: =BG28+$BE$6 -> 5.817307 | BH29: =BH28+$BE$7 -> 7.3002543 | BI29: =BI28+$BE$8 -> 9.1383441 | BJ29: =BJ28+$BE$9 -> 9.5286534 | BO29: =BO28+$BM$6 -> 4.4478401 | BP29: =BP28+$BM$7 -> 5.4866877 | BQ29: =BQ28+$BM$8 -> 6.7155015 | BR29: =BR28+$BM$9 -> 6.8802477 | BW29: =BW28+$BU$6 -> 9.8734791 | BX29: =BX28+$BU$7 -> 11.45371 | BY29: =BY28+$BU$8 -> 14.433936 | BZ29: =BZ28+$BU$9 -> 15.035456
A30: 100 | B30: 2143.348 | C30: 19.712363 | D30: 7125.3364 | E30: 19.435311 | F30: 8538.0277 | G30: 19.425659 | AA30: 2043 | AB30: =AB29+$AC$7 -> 2.229384 | AF30: 2044 | AH30: =AH29+$AE$6 -> 3.7642882 | AI30: =AI29+$AE$7 -> 5.7395957 | AJ30: =AJ29+$AE$8 -> 8.4207235 | AK30: =AK29+$AE$9 -> 9.2721859 | AO30: 2044 | AQ30: =AQ29+$AN$6 -> 3.6341176 | AR30: =AR29+$AN$7 -> 5.4723441 | AS30: =AS29+$AN$8 -> 8.0050978 | AT30: =AT29+$AN$9 -> 8.83959 | AY30: =AY29+$AW$6 -> 3.6350181 | AZ30: =AZ29+$AW$7 -> 5.4746036 | BA30: =BA29+$AW$8 -> 8.0096098 | BB30: =BB29+$AW$9 -> 8.8450668 | BG30: =BG29+$BE$6 -> 5.9349017 | BH30: =BH29+$BE$7 -> 7.4522897 | BI30: =BI29+$BE$8 -> 9.3286393 | BJ30: =BJ29+$BE$9 -> 9.7289639 | BO30: =BO29+$BM$6 -> 4.5388533 | BP30: =BP29+$BM$7 -> 5.6050909 | BQ30: =BQ29+$BM$8 -> 6.8554935 | BR30: =BR29+$BM$9 -> 7.021318 | BW30: =BW29+$BU$6 -> 10.057614 | BX30: =BX29+$BU$7 -> 11.671388 | BY30: =BY29+$BU$8 -> 14.71281 | BZ30: =BZ29+$BU$9 -> 15.326816
A31: 200 | B31: 2210.5224 | C31: 20.330165 | D31: 7396.5671 | E31: 20.17513 | F31: 8870.6763 | G31: 20.182498 | AA31: 2044 | AB31: =AB30+$AC$7 -> 2.2825209 | AF31: 2045 | AH31: =AH30+$AE$6 -> 3.8560343 | AI31: =AI30+$AE$7 -> 5.9030868 | AJ31: =AJ30+$AE$8 -> 8.6672348 | AK31: =AK30+$AE$9 -> 9.550182 | AO31: 2045 | AQ31: =AQ30+$AN$6 -> 3.7217302 | AR31: =AR30+$AN$7 -> 5.6267196 | AS31: =AS30+$AN$8 -> 8.2376983 | AT31: =AT30+$AN$9 -> 9.1029086 | AY31: =AY30+$AW$6 -> 3.7226779 | AZ31: =AZ30+$AW$7 -> 5.6290984 | BA31: =BA30+$AW$8 -> 8.2424321 | BB31: =BB30+$AW$9 -> 9.1086443 | BG31: =BG30+$BE$6 -> 6.0524964 | BH31: =BH30+$BE$7 -> 7.604325 | BI31: =BI30+$BE$8 -> 9.5189345 | BJ31: =BJ30+$BE$9 -> 9.9292744 | BO31: =BO30+$BM$6 -> 4.6298665 | BP31: =BP30+$BM$7 -> 5.723494 | BQ31: =BQ30+$BM$8 -> 6.9954854 | BR31: =BR30+$BM$9 -> 7.1623883 | BW31: =BW30+$BU$6 -> 10.241749 | BX31: =BX30+$BU$7 -> 11.889066 | BY31: =BY30+$BU$8 -> 14.991684 | BZ31: =BZ30+$BU$9 -> 15.618175
A32: AAL | B32: 1256.3529 | C32: 11.554672 | D32: 4190.7359 | E32: 11.430795 | F32: 5027.0316 | G32: 11.437466 | AA32: 2045 | AB32: =AB31+$AC$7 -> 2.3356577 | AF32: 2046 | AH32: =AH31+$AE$6 -> 3.9477803 | AI32: =AI31+$AE$7 -> 6.0665778 | AJ32: =AJ31+$AE$8 -> 8.913746 | AK32: =AK31+$AE$9 -> 9.8281782 | AO32: 2046 | AQ32: =AQ31+$AN$6 -> 3.8093428 | AR32: =AR31+$AN$7 -> 5.7810952 | AS32: =AS31+$AN$8 -> 8.4702988 | AT32: =AT31+$AN$9 -> 9.3662271 | AY32: =AY31+$AW$6 -> 3.8103376 | AZ32: =AZ31+$AW$7 -> 5.7835932 | BA32: =BA31+$AW$8 -> 8.4752544 | BB32: =BB31+$AW$9 -> 9.3722217 | BG32: =BG31+$BE$6 -> 6.1700911 | BH32: =BH31+$BE$7 -> 7.7563603 | BI32: =BI31+$BE$8 -> 9.7092297 | BJ32: =BJ31+$BE$9 -> 10.129585 | BO32: =BO31+$BM$6 -> 4.7208798 | BP32: =BP31+$BM$7 -> 5.8418971 | BQ32: =BQ31+$BM$8 -> 7.1354774 | BR32: =BR31+$BM$9 -> 7.3034586 | BW32: =BW31+$BU$6 -> 10.425884 | BX32: =BX31+$BU$7 -> 12.106743 | BY32: =BY31+$BU$8 -> 15.270558 | BZ32: =BZ31+$BU$9 -> 15.909534
B33: =(B32+D32+F32)/(B32/C32+D32/E32+F32/G32) -> 11.448722 | AA33: 2046 | AB33: =AB32+$AC$7 -> 2.3887946 | AF33: 2047 | AH33: =AH32+$AE$6 -> 4.0395264 | AI33: =AI32+$AE$7 -> 6.2300689 | AJ33: =AJ32+$AE$8 -> 9.1602573 | AK33: =AK32+$AE$9 -> 10.106174 | AO33: 2047 | AQ33: =AQ32+$AN$6 -> 3.8969554 | AR33: =AR32+$AN$7 -> 5.9354707 | AS33: =AS32+$AN$8 -> 8.7028993 | AT33: =AT32+$AN$9 -> 9.6295457 | AY33: =AY32+$AW$6 -> 3.8979974 | AZ33: =AZ32+$AW$7 -> 5.938088 | BA33: =BA32+$AW$8 -> 8.7080767 | BB33: =BB32+$AW$9 -> 9.6357992 | BG33: =BG32+$BE$6 -> 6.2876858 | BH33: =BH32+$BE$7 -> 7.9083957 | BI33: =BI32+$BE$8 -> 9.8995248 | BJ33: =BJ32+$BE$9 -> 10.329895 | BO33: =BO32+$BM$6 -> 4.811893 | BP33: =BP32+$BM$7 -> 5.9603003 | BQ33: =BQ32+$BM$8 -> 7.2754693 | BR33: =BR32+$BM$9 -> 7.4445289 | BW33: =BW32+$BU$6 -> 10.610019 | BX33: =BX32+$BU$7 -> 12.324421 | BY33: =BY32+$BU$8 -> 15.549431 | BZ33: =BZ32+$BU$9 -> 16.200894
AA34: 2047 | AB34: =AB33+$AC$7 -> 2.4419315 | AF34: 2048 | AH34: =AH33+$AE$6 -> 4.1312724 | AI34: =AI33+$AE$7 -> 6.39356 | AJ34: =AJ33+$AE$8 -> 9.4067685 | AK34: =AK33+$AE$9 -> 10.38417 | AO34: 2048 | AQ34: =AQ33+$AN$6 -> 3.984568 | AR34: =AR33+$AN$7 -> 6.0898463 | AS34: =AS33+$AN$8 -> 8.9354998 | AT34: =AT33+$AN$9 -> 9.8928642 | AY34: =AY33+$AW$6 -> 3.9856572 | AZ34: =AZ33+$AW$7 -> 6.0925828 | BA34: =BA33+$AW$8 -> 8.9408991 | BB34: =BB33+$AW$9 -> 9.8993767 | BG34: =BG33+$BE$6 -> 6.4052805 | BH34: =BH33+$BE$7 -> 8.060431 | BI34: =BI33+$BE$8 -> 10.08982 | BJ34: =BJ33+$BE$9 -> 10.530206 | BO34: =BO33+$BM$6 -> 4.9029063 | BP34: =BP33+$BM$7 -> 6.0787034 | BQ34: =BQ33+$BM$8 -> 7.4154613 | BR34: =BR33+$BM$9 -> 7.5855992 | BW34: =BW33+$BU$6 -> 10.794154 | BX34: =BX33+$BU$7 -> 12.542099 | BY34: =BY33+$BU$8 -> 15.828305 | BZ34: =BZ33+$BU$9 -> 16.492253
A35: Year 2050 (SSP126, no adaptation, no socio-economic projections) | AA35: 2048 | AB35: =AB34+$AC$7 -> 2.4950683 | AF35: 2049 | AH35: =AH34+$AE$6 -> 4.2230184 | AI35: =AI34+$AE$7 -> 6.5570511 | AJ35: =AJ34+$AE$8 -> 9.6532797 | AK35: =AK34+$AE$9 -> 10.662167 | AO35: 2049 | AQ35: =AQ34+$AN$6 -> 4.0721806 | AR35: =AR34+$AN$7 -> 6.2442219 | AS35: =AS34+$AN$8 -> 9.1681003 | AT35: =AT34+$AN$9 -> 10.156183 | AY35: =AY34+$AW$6 -> 4.0733169 | AZ35: =AZ34+$AW$7 -> 6.2470776 | BA35: =BA34+$AW$8 -> 9.1737214 | BB35: =BB34+$AW$9 -> 10.162954 | BG35: =BG34+$BE$6 -> 6.5228752 | BH35: =BH34+$BE$7 -> 8.2124663 | BI35: =BI34+$BE$8 -> 10.280115 | BJ35: =BJ34+$BE$9 -> 10.730516 | BO35: =BO34+$BM$6 -> 4.9939195 | BP35: =BP34+$BM$7 -> 6.1971066 | BQ35: =BQ34+$BM$8 -> 7.5554532 | BR35: =BR34+$BM$9 -> 7.7266695 | BW35: =BW34+$BU$6 -> 10.978289 | BX35: =BX34+$BU$7 -> 12.759777 | BY35: =BY34+$BU$8 -> 16.107179 | BZ35: =BZ34+$BU$9 -> 16.783613
AA36: 2049 | AB36: =AB35+$AC$7 -> 2.5482052 | AF36: 2050 | AH36: =C17 -> 4.3147645 | AI36: =C18 -> 6.7205422 | AJ36: =C19 -> 9.899791 | AK36: =C20 -> 10.940163 | AO36: 2050 | AQ36: =E17 -> 4.1597932 | AR36: =E18 -> 6.3985974 | AS36: =E19 -> 9.4007008 | AT36: =E20 -> 10.419501 | AY36: =G17 -> 4.1609767 | AZ36: =G18 -> 6.4015724 | BA36: =G19 -> 9.4065437 | BB36: =G20 -> 10.426532 | BG36: =K17 -> 6.6404699 | BH36: =K18 -> 8.3645017 | BI36: =K19 -> 10.47041 | BJ36: =K20 -> 10.930827 | BO36: =O17 -> 5.0849328 | BP36: =O18 -> 6.3155097 | BQ36: =O19 -> 7.6954451 | BR36: =O20 -> 7.8677398 | BW36: =S17 -> 11.162424 | BX36: =S18 -> 12.977454 | BY36: =S19 -> 16.386053 | BZ36: =S20 -> 17.074972
A37: RP | B37: Housing | D37: Services Sector | F37: Productive Sector | H37: Roads | L37: Schools | P37: Health Centers | AA37: 2050 | AB37: =U21 -> 2.6013421
B38: US$ million | C38: % of total asset value | D38: US$ million | E38: % of total asset value | F38: US$ million | G38: % of total asset value | H38: km | I38: % of asset | J38: US$ million | K38: % of total asset value | L38: Number | M38: % of asset | N38: US$ million | O38: % of total asset value | P38: Number | Q38: % of asset | R38: US$ million | S38: % of total asset value
A39: 10 | B39: 92.110701 | C39: 1.5526217 | D39: 296.13614 | E39: 1.5211551 | F39: 355.22143 | G39: 1.5217072 | H39: 1432.6084 | I39: 3.3100191 | J39: 112.35875 | K39: 3.106147 | L39: 249.3656 | M39: 2.1801504 | N39: 13.216377 | O39: 2.1801504 | P39: 84.761001 | Q39: 5.7387272 | R39: 5.678987 | S39: 5.7387272
A40: 25 | B40: 127.69091 | C40: 2.1523632 | D40: 410.16144 | E40: 2.106866 | F40: 492.00771 | G40: 2.107676 | H40: 1975.8847 | I40: 4.5652504 | J40: 153.68206 | K40: 4.2485261 | L40: 347.235 | M40: 3.0358017 | N40: 18.403455 | O40: 3.0358017 | P40: 105.512 | Q40: 7.1436697 | R40: 7.0693041 | S40: 7.1436697
A41: 100 | B41: 173.01309 | C41: 2.9163158 | D41: 555.8557 | E41: 2.8552501 | F41: 666.55344 | G41: 2.8553997 | H41: 2447.7032 | I41: 5.6553796 | J41: 182.64105 | K41: 5.0490946 | L41: 422.4004 | M41: 3.6929568 | N41: 22.387221 | O41: 3.6929568 | P41: 126.277 | Q41: 8.5495598 | R41: 8.460559 | S41: 8.5495599
A42: 200 | B42: 197.68943 | C42: 3.3322611 | D42: 624.93368 | E42: 3.2100812 | F42: 749.42885 | G42: 3.2104236 | H42: 2686.5775 | I42: 6.2072951 | J42: 197.00296 | K42: 5.4461281 | L42: 442.8104 | M42: 3.8713971 | N42: 23.468951 | O42: 3.8713971 | P42: 132.65033 | Q42: 8.9810651 | R42: 8.8875723 | S42: 8.9810652
A43: AAL | B43: 50.006125 | C43: 0.84290529 | D43: 159.10976 | E43: 0.81729512 | F43: 190.75309 | G43: 0.81715325 | H43: 753.00796 | I43: 1.739813 | J43: 56.56051 | K43: 1.56361 | L43: 124.16848 | M43: 1.0855786 | N43: 6.5809292 | O43: 1.0855786 | P43: 42.665524 | Q43: 2.888661 | R43: 2.8585901 | S43: 2.8886611
B44: =(B43+D43+F43)/(B43/C43+D43/E43+F43/G43) -> 0.82034417
A46: Year 2050 (SSP126, no adaptation, with socio-economic projections)
A48: RP | B48: Housing | D48: Services Sector | F48: Productive Sector | H48: Roads | L48: Schools | P48: Health Centers
B49: US$ million | C49: % of total asset value | D49: US$ million | E49: % of total asset value | F49: US$ million | G49: % of total asset value | H49: km | I49: % of asset | J49: US$ million | K49: % of total asset value | L49: Number | M49: % of asset | N49: US$ million | O49: % of total asset value | P49: Number | Q49: % of asset | R49: US$ million | S49: % of total asset value
A50: 10 | B50: 943.81882 | C50: 8.6802978 | D50: 3135.8717 | E50: 8.5535109 | F50: 3762.7042 | G50: 8.5608773
A51: 25 | B51: 1241.9118 | C51: 11.421858 | D51: 4157.1925 | E51: 11.3393 | F51: 4988.1875 | G51: 11.349088
A52: 100 | B52: 1382.5573 | C52: 12.715374 | D52: 4610.7651 | E52: 12.576481 | F52: 5530.4307 | G52: 12.582796
A53: 200 | B53: 1410.0363 | C53: 12.968098 | D53: 4703.0831 | E53: 12.82829 | F53: 5640.0917 | G53: 12.832296
A54: AAL | B54: 392.6141 | C54: 3.6108702 | D54: 1299.3769 | E54: 3.544225 | F54: 1557.8388 | G54: 3.5443836
B55: =(B54+D54+F54)/(B54/C54+D54/E54+F54/G54) -> 3.5522219
A57: Year 2050 (SSP585, with adaptation, no socio-economic projections)
A59: RP | B59: Housing | D59: Services Sector | F59: Productive Sector | H59: Roads | L59: Schools | P59: Health Centers
B60: US$ million | C60: % of total asset value | D60: US$ million | E60: % of total asset value | F60: US$ million | G60: % of total asset value | H60: km | I60: % of asset | J60: US$ million | K60: % of total asset value | L60: Number | M60: % of asset | N60: US$ million | O60: % of total asset value | P60: Number | Q60: % of asset | R60: US$ million | S60: % of total asset value
A61: 10 | B61: 368.34552 | C61: 5.1432286 | D61: 1253.7722 | E61: 5.0994874 | F61: 1503.9837 | G61: 5.1008661
A62: 25 | B62: 517.48497 | C62: 7.2256709 | D62: 1757.2109 | E62: 7.1471316 | F62: 2107.958 | G62: 7.1492872
A63: 100 | B63: 735.66815 | C63: 10.272175 | D63: 2494.4599 | E63: 10.145756 | F63: 2992.2502 | G63: 10.148426
A64: 200 | B64: 821.42797 | C64: 11.469644 | D64: 2774.7862 | E64: 11.285931 | F64: 3328.7863 | G64: 11.289812
A65: AAL | B65: 214.57434 | C65: 2.9961132 | D65: 730.44209 | E65: 2.9709386 | F65: 876.13413 | G65: 2.9714703
B66: =(B65+D65+F65)/(B65/C65+D65/E65+F65/G65) -> 2.974139
A68: Year 2050 (SSP585, with adaptation, with socio-economic projections)
A70: RP | B70: Housing | D70: Services Sector | F70: Productive Sector | H70: Roads | L70: Schools | P70: Health Centers
B71: US$ million | C71: % of total asset value | D71: US$ million | E71: % of total asset value | F71: US$ million | G71: % of total asset value | H71: km | I71: % of asset | J71: US$ million | K71: % of total asset value | L71: Number | M71: % of asset | N71: US$ million | O71: % of total asset value | P71: Number | Q71: % of asset | R71: US$ million | S71: % of total asset value
A72: 10
A73: 25
A74: 100
A75: 200
A76: AAL
A79: Year 2050 (SSP126, with adaptation, no socio-economic projections)
A81: RP | B81: Housing | D81: Services Sector | F81: Productive Sector | H81: Roads | L81: Schools | P81: Health Centers
B82: US$ million | C82: % of total asset value | D82: US$ million | E82: % of total asset value | F82: US$ million | G82: % of total asset value | H82: km | I82: % of asset | J82: US$ million | K82: % of total asset value | L82: Number | M82: % of asset | N82: US$ million | O82: % of total asset value | P82: Number | Q82: % of asset | R82: US$ million | S82: % of total asset value
A83: 10 | B83: 142.93828 | C83: 1.995855 | D83: 486.61817 | E83: 1.9792297 | F83: 583.7035 | G83: 1.9796713
A84: 25 | B84: 195.4041 | C84: 2.7284381 | D84: 667.10323 | E84: 2.7133194 | F84: 800.03152 | G84: 2.713363
A85: 100 | B85: 258.49321 | C85: 3.6093548 | D85: 878.70239 | E85: 3.57396 | F85: 1053.9998 | G85: 3.5747142
A86: 200 | B86: 287.57919 | C86: 4.015484 | D86: 982.04986 | E86: 3.9943068 | F86: 1177.8487 | G86: 3.9947563
A87: AAL | B87: 72.916592 | C87: 1.0181384 | D87: 248.94748 | E87: 1.012548 | F87: 298.58326 | G87: 1.0126661
B88: =(B87+D87+F87)/(B87/C87+D87/E87+F87/G87) -> 1.0132587
A90: Year 2050 (SSP126, with adaptation, with socio-economic projections)
A92: RP | B92: Housing | D92: Services Sector | F92: Productive Sector | H92: Roads | L92: Schools | P92: Health Centers
B93: US$ million | C93: % of total asset value | D93: US$ million | E93: % of total asset value | F93: US$ million | G93: % of total asset value | H93: km | I93: % of asset | J93: US$ million | K93: % of total asset value | L93: Number | M93: % of asset | N93: US$ million | O93: % of total asset value | P93: Number | Q93: % of asset | R93: US$ million | S93: % of total asset value
A94: 10
A95: 25
A96: 100
A97: 200
A98: AAL

Sheet MINDSET
A1: Risk curves corresponding to flood and drought
A2: Housing
A3: Return Period | B3: 1 | C3: 10 | D3: 25 | E3: 100 | F3: 200
A4: Exceedance Probability (1/return period) | B4: =1/B3 -> 1 | C4: =1/C3 -> 0.1 | D4: =1/D3 -> 0.04 | E4: =1/E3 -> 0.01 | F4: =1/F3 -> 0.005
A5: Probable Maximum Losses (US$million) | B5: 0 | C5: 92.69 | D5: 107.72 | E5: 148.58 | F5: 154.26
A6: Probable Maximum Losses (% value) | B6: 0 | C6: ='[1]Flood (national AAL PML)'!$C$6 -> 1.5623834 | D6: ='[1]Flood (national AAL PML)'!$C$7 -> 1.8158097 | E6: 2.5 | F6: 2.6
A8: Flood
A9: Services
A10: Return Period | B10: 1 | C10: 10 | D10: 25 | E10: 100 | F10: 200
A11: Exceedance Probability (1/return period) | B11: =1/B10 -> 1 | C11: =1/C10 -> 0.1 | D11: =1/D10 -> 0.04 | E11: =1/E10 -> 0.01 | F11: =1/F10 -> 0.005
A12: Probable Maximum Losses (US$million) | B12: 0 | C12: 298.13222 | D12: 344.05971 | E12: 471.64263 | F12: 490.57679
A13: Probable Maximum Losses (% value) | B13: 0 | C13: 1.5314151 | D13: 1.7673307 | E13: 2.42 | F13: 2.52
A14: % of innundated asset (2020, 1m) | B14: 0 | C14: 0.25 | D14: 0.29 | E14: 0.33 | F14: 0.34
A15: % of innundated asset (2020, 2m) | B15: 0 | C15: 0.09 | D15: 0.16 | E15: 0.18 | F15: 0.19
A16: % of innundated asset (2030, 1m, SSP585) | B16: 0 | C16: =Interpolation!B15 -> 0.32051116 | D16: =Interpolation!F15 -> 0.36158403 | E16: =Interpolation!J15 -> 0.39891607 | F16: =Interpolation!N15 -> 0.4119898
A17: % of innundated asset (2030, 2m, SSP585) | B17: 0 | C17: =Interpolation!B52 -> 0.21351988 | D17: =Interpolation!F52 -> 0.27467409 | E17: =Interpolation!J52 -> 0.29886157 | F17: =Interpolation!N52 -> 0.31192852
A18: % of innundated asset (2050, 1m,SSP585) | B18: 0 | C18: =Inundation!C14 -> 0.46153347 | D18: =Inundation!C15 -> 0.50475209 | E18: =Inundation!C16 -> 0.5367482 | F18: =Inundation!C17 -> 0.55596941
A19: % of innundated asset (2050, 2m,SSP585) | B19: 0 | C19: =Inundation!I14 -> 0.46055964 | D19: =Inundation!I15 -> 0.50402228 | E19: =Inundation!I16 -> 0.5365847 | F19: =Inundation!I17 -> 0.55578557
A20: Innundation duration | B20: 0 | C20: 7 | D20: 8 | E20: 14 | F20: 21
A22: Productive
A23: Return Period | B23: 1 | C23: 10 | D23: 25 | E23: 100 | F23: 200
A24: Exceedance Probability (1/return period) | B24: 1 | C24: 0.1 | D24: 0.04 | E24: 0.01 | F24: 0.005
A25: Probable Maximum Losses (US$million) | B25: 0 | C25: 357.43199 | D25: 412.4164 | E25: 565.35041 | F25: 588.07132
A26: Probable Maximum Losses (% value) | B26: 0 | C26: 1.5311837 | D26: 1.7667284 | E26: 2.4218742 | F26: 2.5192071
A27: % of innundated asset (2020, 1m) | B27: 0 | C27: =Inundation!E4 -> 0.29 | D27: 0.35 | E27: 0.39 | F27: 0.4
A28: % of innundated asset (2020, 2m) | B28: 0 | C28: =Inundation!K4 -> 0.087210612 | D28: =Inundation!K5 -> 0.15629636 | E28: =Inundation!K6 -> 0.17649637 | F28: =Inundation!K7 -> 0.19014795
A29: % of innundated asset (2030, 1m,SSP585) | B29: 0 | C29: =Interpolation!B89 -> 0.34723764 | D29: =Interpolation!F89 -> 0.40164564 | E29: =Interpolation!J89 -> 0.43898271 | F29: =Interpolation!N89 -> 0.45205741
A30: % of innundated asset (2030, 2m,SSP585) | B30: 0 | C30: =Interpolation!B125 -> 0.21172198 | D30: =Interpolation!F125 -> 0.27227006 | E30: =Interpolation!J125 -> 0.29659244 | F30: =Interpolation!N125 -> 0.31209474
A31: % of innundated asset (2050, 1m,SSP585) | B31: 0 | C31: =Inundation!E14 -> 0.46171291 | D31: =Inundation!E15 -> 0.50493692 | E31: =Inundation!E16 -> 0.53694812 | F31: =Inundation!E17 -> 0.55617224
A32: % of innundated asset (2050, 2m,SSP585) | B32: 0 | C32: =Inundation!K14 -> 0.46074473 | D32: =Inundation!K15 -> 0.50421747 | E32: =Inundation!K16 -> 0.53678458 | F32: =Inundation!K17 -> 0.55598831
A34: Roads
A35: Return Period | B35: 1 | C35: 10 | D35: 25 | E35: 100 | F35: 200
A36: Exceedance Probability (1/return period) | B36: 1 | C36: 0.1 | D36: 0.04 | E36: 0.01 | F36: 0.005
A37: Probable Maximum Losses (US$million) | B37: 0 | C37: 19.126417 | D37: 26.511668 | E37: 30.602299 | F37: 31.846409
A38: Probable Maximum Losses (% value) | B38: 0 | C38: 4.9440017 | D38: 6.8530205 | E38: 7.9104108 | F38: 8.2320018
A41: Schools
A42: Return Period | B42: 1 | C42: 10 | D42: 25 | E42: 100 | F42: 200
A43: Exceedance Probability (1/return period) | B43: 1 | C43: 0.1 | D43: 0.04 | E43: 0.01 | F43: 0.005
A44: Probable Maximum Losses (US$million) | B44: 0 | C44: 14.26354 | D44: 16.740495 | E44: 21.176521 | F44: 22.024288
A45: Probable Maximum Losses (% value) | B45: 0 | C45: 2.3545354 | D45: 2.7634156 | E45: 3.4956868 | F45: 3.6356308
A48: Health centers
A49: Return Period | B49: 1 | C49: 10 | D49: 25 | E49: 100 | F49: 200
A50: Exceedance Probability (1/return period) | B50: 1 | C50: 0.1 | D50: 0.04 | E50: 0.01 | F50: 0.005
A51: Probable Maximum Losses (US$million) | B51: 0 | C51: 5.5796796 | D51: 6.380008 | E51: 7.936351 | F51: 8.247432
A52: Probable Maximum Losses | B52: 0 | C52: 5.6383751 | D52: 6.4471226 | E52: 8.0198375 | F52: 8.3341909
A55: Agriculture flood
A56: Return Period | B56: 1 | C56: 10 | D56: 25 | E56: 100 | F56: 200
A57: Exceedance Probability (1/return period) | B57: 1 | C57: 0.1 | D57: 0.04 | E57: 0.01 | F57: 0.005
A58: Probable Maximum Losses (US$million) | B58: 0 | C58: 144 | D58: 242 | E58: 330 | F58: 540
A60: Agriculture - drought
A61: Return Period | B61: 2 | C61: 5 | D61: 10 | E61: 15 | F61: 20
A62: Exceedance Probability (1/return period) | B62: =1/B61 -> 0.5 | C62: =1/C61 -> 0.2 | D62: =1/D61 -> 0.1 | E62: =1/E61 -> 0.066666667 | F62: =1/F61 -> 0.05
A63: Rice (production loss%,2020) | B63: ='Drought interpolation'!B26/100 -> 0.057878481 | C63: ='Drought interpolation'!F26/100 -> 0.077504049 | D63: ='Drought interpolation'!J26/100 -> 0.091102275 | E63: ='Drought interpolation'!N26/100 -> 0.098293714 | F63: ='Drought interpolation'!R26/100 -> 0.10304198
A64: Rice (production loss%, 2030 SSP585) | B64: ='Drought interpolation'!B36/100 -> 0.062982157 | C64: ='Drought interpolation'!F36/100 -> 0.081825665 | D64: ='Drought interpolation'!J36/100 -> 0.094631318 | E64: ='Drought interpolation'!N36/100 -> 0.10135188 | F64: ='Drought interpolation'!R36/100 -> 0.10577537
A65: Rice (production loss% 2050 SSP585) | B65: ='Drought interpolation'!B56/100 -> 0.07318951 | C65: ='Drought interpolation'!F56/100 -> 0.090468896 | D65: ='Drought interpolation'!J56/100 -> 0.1016894 | E65: ='Drought interpolation'!N56/100 -> 0.10746822 | F65: ='Drought interpolation'!R56/100 -> 0.11124215
A66: Maize (production loss% 2020) | B66: ='Drought interpolation'!B84/100 -> 0.08083426 | C66: ='Drought interpolation'!F84/100 -> 0.10988093 | D66: ='Drought interpolation'!J84/100 -> 0.12999403 | E66: ='Drought interpolation'!N84/100 -> 0.14062048 | F66: ='Drought interpolation'!R84/100 -> 0.14763297
A67: Maize (production loss% 2030 SSP585) | B67: ='Drought interpolation'!B94/100 -> 0.085351704 | C67: ='Drought interpolation'!F94/100 -> 0.11361696 | D67: ='Drought interpolation'!J94/100 -> 0.13290197 | E67: ='Drought interpolation'!N94/100 -> 0.14303238 | F67: ='Drought interpolation'!R94/100 -> 0.14970192
A68: Maize (production loss% 2030 SSP585) | B68: ='Drought interpolation'!B114/100 -> 0.09438659 | C68: ='Drought interpolation'!F114/100 -> 0.12108902 | D68: ='Drought interpolation'!J114/100 -> 0.13871787 | E68: ='Drought interpolation'!N114/100 -> 0.14785619 | F68: ='Drought interpolation'!R114/100 -> 0.15383982
A70: Simlution results
A72: Flood | T72: Drought
B73: Percentile of EP | C73: Exceedance Probability | D73: Return Period | E73: % of innundated (2020, 1m cut off) | G73: % of innundated (2020, 2m cut off) | I73: % of innundated (2030, 1m cut off) | K73: % of innundated (2030, 2m cut off) | M73: % of innundated (2050, 1m cut off) | O73: % of innundated (2050, 2m cut off)
A74: Event ID | E74: Services | F74: Production | G74: Services | H74: Production | I74: Services | J74: Production | K74: Services | L74: Production | M74: Services | N74: Production | O74: Services | P74: Production | Q74: Innundation Duration | T74: exceedance probability | U74: return period | V74: Rice (production loss%,2020) | W74: Rice (production loss%, 2030 SSP585) | X74: Rice (production loss% 2050 SSP585) | Y74: Maize (production loss% 2020) | Z74: Maize (production loss% 2030 SSP585) | AA74: Maize (production loss% 2030 SSP585)
A75: 527 | B75: =PERCENTILE($C$75:$C$1074,$C75) -> 0.00087219614 | C75: 0.00032060833 | D75: =1/C75 -> 3119.0705 | E75: =IF($C75<=0.005,$F$14,IF($C75<=0.01,$F$14+($C75-0.005)*SLOPE($E$14:$F$14,$E$11:$F$11),IF($C75<=0.04,$E$14+($C75-0.01)*SLOPE($D$14:$E$14,$D$11:$E$11),IF($C75<=0.1,$D$14+($C75-0.04)*SLOPE($C$14:$D$14,$C$11:$D$11),IF($C75<=1,$C$14+($C75-0.1)*SLOPE($B$14:$C$14,$B$11:$C$11),))))) -> 0.34 | F75: =IF($C75<=0.005,$F$27,IF($C75<=0.01,$F$27+($C75-0.005)*SLOPE($E$27:$F$27,$E$24:$F$24),IF($C75<=0.04,$E$27+($C75-0.01)*SLOPE($D$27:$E$27,$D$24:$E$24),IF($C75<=0.1,$D$27+($C75-0.04)*SLOPE($C$27:$D$27,$C$24:$D$24),IF($C75<=1,$C$27+($C75-0.1)*SLOPE($B$27:$C$27,$B$24:$C$24),))))) -> 0.4 | G75: =IF($C75<=0.005,$F$15,IF($C75<=0.01,$F$15+($C75-0.005)*SLOPE($E$15:$F$15,$E$11:$F$11),IF($C75<=0.04,$E$15+($C75-0.01)*SLOPE($D$15:$E$15,$D$11:$E$11),IF($C75<=0.1,$D$15+($C75-0.04)*SLOPE($C$15:$D$15,$C$11:$D$11),IF($C75<=1,$C$15+($C75-0.1)*SLOPE($B$15:$C$15,$B$11:$C$11),))))) -> 0.19 | H75: =IF($C75<=0.005,$F$28,IF($C75<=0.01,$F$28+($C75-0.005)*SLOPE($E$28:$F$28,$E$24:$F$24),IF($C75<=0.04,$E$28+($C75-0.01)*SLOPE($D$28:$E$28,$D$24:$E$24),IF($C75<=0.1,$D$28+($C75-0.04)*SLOPE($C$28:$D$28,$C$24:$D$24),IF($C75<=1,$C$28+($C75-0.1)*SLOPE($B$28:$C$28,$B$24:$C$24),))))) -> 0.19014795 | I75: =IF($C75<=0.005,$F$16,IF($C75<=0.01,$F$16+($C75-0.005)*SLOPE($E$16:$F$16,$E$11:$F$11),IF($C75<=0.04,$E$16+($C75-0.01)*SLOPE($D$16:$E$16,$D$11:$E$11),IF($C75<=0.1,$D$16+($C75-0.04)*SLOPE($C$16:$D$16,$C$11:$D$11),IF($C75<=1,$C$16+($C75-0.1)*SLOPE($B$16:$C$16,$B$11:$C$11),))))) -> 0.4119898 | J75: =IF($C75<=0.005,$F$29,IF($C75<=0.01,$F$29+($C75-0.005)*SLOPE($E$29:$F$29,$E$24:$F$24),IF($C75<=0.04,$E$29+($C75-0.01)*SLOPE($D$29:$E$29,$D$24:$E$24),IF($C75<=0.1,$D$29+($C75-0.04)*SLOPE($C$29:$D$29,$C$24:$D$24),IF($C75<=1,$C$29+($C75-0.1)*SLOPE($B$29:$C$29,$B$24:$C$24),))))) -> 0.45205741 | K75: =IF($C75<=0.005,$F$17,IF($C75<=0.01,$F$17+($C75-0.005)*SLOPE($E$17:$F$17,$E$11:$F$11),IF($C75<=0.04,$E$17+($C75-0.01)*SLOPE($D$17:$E$17,$D$11:$E$11),IF($C75<=0.1,$D$17+($C75-0.04)*SLOPE($C$17:$D$17,$C$11:$D$11),IF($C75<=1,$C$17+($C75-0.1)*SLOPE($B$17:$C$17,$B$11:$C$11),))))) -> 0.31192852 | L75: =IF($C75<=0.005,$F$30,IF($C75<=0.01,$F$30+($C75-0.005)*SLOPE($E$30:$F$30,$E$24:$F$24),IF($C75<=0.04,$E$30+($C75-0.01)*SLOPE($D$30:$E$30,$D$24:$E$24),IF($C75<=0.1,$D$30+($C75-0.04)*SLOPE($C$30:$D$30,$C$24:$D$24),IF($C75<=1,$C$30+($C75-0.1)*SLOPE($B$30:$C$30,$B$24:$C$24),))))) -> 0.31209474 | M75: =IF($C75<=0.005,$F$18,IF($C75<=0.01,$F$18+($C75-0.005)*SLOPE($E$18:$F$18,$E$11:$F$11),IF($C75<=0.04,$E$18+($C75-0.01)*SLOPE($D$18:$E$18,$D$11:$E$11),IF($C75<=0.1,$D$18+($C75-0.04)*SLOPE($C$18:$D$18,$C$11:$D$11),IF($C75<=1,$C$18+($C75-0.1)*SLOPE($B$18:$C$18,$B$11:$C$11),))))) -> 0.55596941 | N75: =IF($C75<=0.005,$F$31,IF($C75<=0.01,$F$31+($C75-0.005)*SLOPE($E$31:$F$31,$E$24:$F$24),IF($C75<=0.04,$E$31+($C75-0.01)*SLOPE($D$31:$E$31,$D$24:$E$24),IF($C75<=0.1,$D$31+($C75-0.04)*SLOPE($C$31:$D$31,$C$24:$D$24),IF($C75<=1,$C$31+($C75-0.1)*SLOPE($B$31:$C$31,$B$24:$C$24),))))) -> 0.55617224 | O75: =IF($C75<=0.005,$F$19,IF($C75<=0.01,$F$19+($C75-0.005)*SLOPE($E$19:$F$19,$E$11:$F$11),IF($C75<=0.04,$E$19+($C75-0.01)*SLOPE($D$19:$E$19,$D$11:$E$11),IF($C75<=0.1,$D$19+($C75-0.04)*SLOPE($C$19:$D$19,$C$11:$D$11),IF($C75<=1,$C$19+($C75-0.1)*SLOPE($B$19:$C$19,$B$11:$C$11),))))) -> 0.55578557 | P75: =IF($C75<=0.005,$F$32,IF($C75<=0.01,$F$32+($C75-0.005)*SLOPE($E$32:$F$32,$E$24:$F$24),IF($C75<=0.04,$E$32+($C75-0.01)*SLOPE($D$32:$E$32,$D$24:$E$24),IF($C75<=0.1,$D$32+($C75-0.04)*SLOPE($C$32:$D$32,$C$24:$D$24),IF($C75<=1,$C$32+($C75-0.1)*SLOPE($B$32:$C$32,$B$24:$C$24),))))) -> 0.55598831 | Q75: =IF($C75<=0.005,$F$20,IF($C75<=0.01,$F$20+($C75-0.005)*SLOPE($E$20:$F$20,$E$11:$F$11),IF($C75<=0.04,$E$20+($C75-0.01)*SLOPE($D$20:$E$20,$D$11:$E$11),IF($C75<=0.1,$D$20+($C75-0.04)*SLOPE($C$20:$D$20,$C$11:$D$11),IF($C75<=1,$C$20+($C75-0.1)*SLOPE($B$20:$C$20,$B$11:$C$11),))))) -> 21 | T75: 0.68121582 | U75: =1/T75 -> 1.4679636 | V75: =IF($T75<=0.05,$F$63,IF($T75<=0.07,$F$63+($T75-0.05)*SLOPE($E$63:$F$63,$E$62:$F$62),IF($T75<=0.1,$E$63+($T75-0.07)*SLOPE($D$63:$E$63,$D$62:$E$62),IF($T75<=0.2,$D$63+($T75-0.1)*SLOPE($C$63:$D$63,$C$62:$D$62),IF($T75<=0.5,$C$63+($T75-0.2)*SLOPE($B$63:$C$63,$B$62:$C$62),))))) -> 0 | W75: =IF($T75<=0.05,$F$64,IF($T75<=0.07,$F$64+($T75-0.05)*SLOPE($E$64:$F$64,$E$62:$F$62),IF($T75<=0.1,$E$64+($T75-0.07)*SLOPE($D$64:$E$64,$D$62:$E$62),IF($T75<=0.2,$D$64+($T75-0.1)*SLOPE($C$64:$D$64,$C$62:$D$62),IF($T75<=0.5,$C$64+($T75-0.2)*SLOPE($B$64:$C$64,$B$62:$C$62),))))) -> 0 | X75: =IF($T75<=0.05,$F$65,IF($T75<=0.07,$F$65+($T75-0.05)*SLOPE($E$65:$F$65,$E$62:$F$62),IF($T75<=0.1,$E$65+($T75-0.07)*SLOPE($D$65:$E$65,$D$62:$E$62),IF($T75<=0.2,$D$65+($T75-0.1)*SLOPE($C$65:$D$65,$C$62:$D$62),IF($T75<=0.5,$C$65+($T75-0.2)*SLOPE($B$65:$C$65,$B$62:$C$62),))))) -> 0 | Y75: =IF($T75<=0.05,$F$66,IF($T75<=0.07,$F$66+($T75-0.05)*SLOPE($E$66:$F$66,$E$62:$F$62),IF($T75<=0.1,$E$66+($T75-0.07)*SLOPE($D$66:$E$66,$D$62:$E$62),IF($T75<=0.2,$D$66+($T75-0.1)*SLOPE($C$66:$D$66,$C$62:$D$62),IF($T75<=0.5,$C$66+($T75-0.2)*SLOPE($B$66:$C$66,$B$62:$C$62),))))) -> 0 | Z75: =IF($T75<=0.05,$F$67,IF($T75<=0.07,$F$67+($T75-0.05)*SLOPE($E$67:$F$67,$E$62:$F$62),IF($T75<=0.1,$E$67+($T75-0.07)*SLOPE($D$67:$E$67,$D$62:$E$62),IF($T75<=0.2,$D$67+($T75-0.1)*SLOPE($C$67:$D$67,$C$62:$D$62),IF($T75<=0.5,$C$67+($T75-0.2)*SLOPE($B$67:$C$67,$B$62:$C$62),))))) -> 0 | AA75: =IF($T75<=0.05,$F$68,IF($T75<=0.07,$F$68+($T75-0.05)*SLOPE($E$68:$F$68,$E$62:$F$62),IF($T75<=0.1,$E$68+($T75-0.07)*SLOPE($D$68:$E$68,$D$62:$E$62),IF($T75<=0.2,$D$68+($T75-0.1)*SLOPE($C$68:$D$68,$C$62:$D$62),IF($T75<=0.5,$C$68+($T75-0.2)*SLOPE($B$68:$C$68,$B$62:$C$62),))))) -> 0
A76: 978 | B76: =PERCENTILE($C$75:$C$1074,$C76) -> 0.0055028452 | C76: 0.0020427718 | D76: =1/C76 -> 489.53095 | E76: =IF($C76<=0.005,$F$14,IF($C76<=0.01,$F$14+($C76-0.005)*SLOPE($E$14:$F$14,$E$11:$F$11),IF($C76<=0.04,$E$14+($C76-0.01)*SLOPE($D$14:$E$14,$D$11:$E$11),IF($C76<=0.1,$D$14+($C76-0.04)*SLOPE($C$14:$D$14,$C$11:$D$11),IF($C76<=1,$C$14+($C76-0.1)*SLOPE($B$14:$C$14,$B$11:$C$11),))))) -> 0.34 | F76: =IF($C76<=0.005,$F$27,IF($C76<=0.01,$F$27+($C76-0.005)*SLOPE($E$27:$F$27,$E$24:$F$24),IF($C76<=0.04,$E$27+($C76-0.01)*SLOPE($D$27:$E$27,$D$24:$E$24),IF($C76<=0.1,$D$27+($C76-0.04)*SLOPE($C$27:$D$27,$C$24:$D$24),IF($C76<=1,$C$27+($C76-0.1)*SLOPE($B$27:$C$27,$B$24:$C$24),))))) -> 0.4 | G76: =IF($C76<=0.005,$F$15,IF($C76<=0.01,$F$15+($C76-0.005)*SLOPE($E$15:$F$15,$E$11:$F$11),IF($C76<=0.04,$E$15+($C76-0.01)*SLOPE($D$15:$E$15,$D$11:$E$11),IF($C76<=0.1,$D$15+($C76-0.04)*SLOPE($C$15:$D$15,$C$11:$D$11),IF($C76<=1,$C$15+($C76-0.1)*SLOPE($B$15:$C$15,$B$11:$C$11),))))) -> 0.19 | H76: =IF($C76<=0.005,$F$28,IF($C76<=0.01,$F$28+($C76-0.005)*SLOPE($E$28:$F$28,$E$24:$F$24),IF($C76<=0.04,$E$28+($C76-0.01)*SLOPE($D$28:$E$28,$D$24:$E$24),IF($C76<=0.1,$D$28+($C76-0.04)*SLOPE($C$28:$D$28,$C$24:$D$24),IF($C76<=1,$C$28+($C76-0.1)*SLOPE($B$28:$C$28,$B$24:$C$24),))))) -> 0.19014795 | I76: =IF($C76<=0.005,$F$16,IF($C76<=0.01,$F$16+($C76-0.005)*SLOPE($E$16:$F$16,$E$11:$F$11),IF($C76<=0.04,$E$16+($C76-0.01)*SLOPE($D$16:$E$16,$D$11:$E$11),IF($C76<=0.1,$D$16+($C76-0.04)*SLOPE($C$16:$D$16,$C$11:$D$11),IF($C76<=1,$C$16+($C76-0.1)*SLOPE($B$16:$C$16,$B$11:$C$11),))))) -> 0.4119898 | J76: =IF($C76<=0.005,$F$29,IF($C76<=0.01,$F$29+($C76-0.005)*SLOPE($E$29:$F$29,$E$24:$F$24),IF($C76<=0.04,$E$29+($C76-0.01)*SLOPE($D$29:$E$29,$D$24:$E$24),IF($C76<=0.1,$D$29+($C76-0.04)*SLOPE($C$29:$D$29,$C$24:$D$24),IF($C76<=1,$C$29+($C76-0.1)*SLOPE($B$29:$C$29,$B$24:$C$24),))))) -> 0.45205741 | K76: =IF($C76<=0.005,$F$17,IF($C76<=0.01,$F$17+($C76-0.005)*SLOPE($E$17:$F$17,$E$11:$F$11),IF($C76<=0.04,$E$17+($C76-0.01)*SLOPE($D$17:$E$17,$D$11:$E$11),IF($C76<=0.1,$D$17+($C76-0.04)*SLOPE($C$17:$D$17,$C$11:$D$11),IF($C76<=1,$C$17+($C76-0.1)*SLOPE($B$17:$C$17,$B$11:$C$11),))))) -> 0.31192852 | L76: =IF($C76<=0.005,$F$30,IF($C76<=0.01,$F$30+($C76-0.005)*SLOPE($E$30:$F$30,$E$24:$F$24),IF($C76<=0.04,$E$30+($C76-0.01)*SLOPE($D$30:$E$30,$D$24:$E$24),IF($C76<=0.1,$D$30+($C76-0.04)*SLOPE($C$30:$D$30,$C$24:$D$24),IF($C76<=1,$C$30+($C76-0.1)*SLOPE($B$30:$C$30,$B$24:$C$24),))))) -> 0.31209474 | M76: =IF($C76<=0.005,$F$18,IF($C76<=0.01,$F$18+($C76-0.005)*SLOPE($E$18:$F$18,$E$11:$F$11),IF($C76<=0.04,$E$18+($C76-0.01)*SLOPE($D$18:$E$18,$D$11:$E$11),IF($C76<=0.1,$D$18+($C76-0.04)*SLOPE($C$18:$D$18,$C$11:$D$11),IF($C76<=1,$C$18+($C76-0.1)*SLOPE($B$18:$C$18,$B$11:$C$11),))))) -> 0.55596941 | N76: =IF($C76<=0.005,$F$31,IF($C76<=0.01,$F$31+($C76-0.005)*SLOPE($E$31:$F$31,$E$24:$F$24),IF($C76<=0.04,$E$31+($C76-0.01)*SLOPE($D$31:$E$31,$D$24:$E$24),IF($C76<=0.1,$D$31+($C76-0.04)*SLOPE($C$31:$D$31,$C$24:$D$24),IF($C76<=1,$C$31+($C76-0.1)*SLOPE($B$31:$C$31,$B$24:$C$24),))))) -> 0.55617224 | O76: =IF($C76<=0.005,$F$19,IF($C76<=0.01,$F$19+($C76-0.005)*SLOPE($E$19:$F$19,$E$11:$F$11),IF($C76<=0.04,$E$19+($C76-0.01)*SLOPE($D$19:$E$19,$D$11:$E$11),IF($C76<=0.1,$D$19+($C76-0.04)*SLOPE($C$19:$D$19,$C$11:$D$11),IF($C76<=1,$C$19+($C76-0.1)*SLOPE($B$19:$C$19,$B$11:$C$11),))))) -> 0.55578557 | P76: =IF($C76<=0.005,$F$32,IF($C76<=0.01,$F$32+($C76-0.005)*SLOPE($E$32:$F$32,$E$24:$F$24),IF($C76<=0.04,$E$32+($C76-0.01)*SLOPE($D$32:$E$32,$D$24:$E$24),IF($C76<=0.1,$D$32+($C76-0.04)*SLOPE($C$32:$D$32,$C$24:$D$24),IF($C76<=1,$C$32+($C76-0.1)*SLOPE($B$32:$C$32,$B$24:$C$24),))))) -> 0.55598831 | Q76: =IF($C76<=0.005,$F$20,IF($C76<=0.01,$F$20+($C76-0.005)*SLOPE($E$20:$F$20,$E$11:$F$11),IF($C76<=0.04,$E$20+($C76-0.01)*SLOPE($D$20:$E$20,$D$11:$E$11),IF($C76<=0.1,$D$20+($C76-0.04)*SLOPE($C$20:$D$20,$C$11:$D$11),IF($C76<=1,$C$20+($C76-0.1)*SLOPE($B$20:$C$20,$B$11:$C$11),))))) -> 21 | T76: 0.33335032 | U76: =1/T76 -> 2.9998471 | V76: =IF($T76<=0.05,$F$63,IF($T76<=0.07,$F$63+($T76-0.05)*SLOPE($E$63:$F$63,$E$62:$F$62),IF($T76<=0.1,$E$63+($T76-0.07)*SLOPE($D$63:$E$63,$D$62:$E$62),IF($T76<=0.2,$D$63+($T76-0.1)*SLOPE($C$63:$D$63,$C$62:$D$62),IF($T76<=0.5,$C$63+($T76-0.2)*SLOPE($B$63:$C$63,$B$62:$C$62),))))) -> 0.068780463 | W76: =IF($T76<=0.05,$F$64,IF($T76<=0.07,$F$64+($T76-0.05)*SLOPE($E$64:$F$64,$E$62:$F$62),IF($T76<=0.1,$E$64+($T76-0.07)*SLOPE($D$64:$E$64,$D$62:$E$62),IF($T76<=0.2,$D$64+($T76-0.1)*SLOPE($C$64:$D$64,$C$62:$D$62),IF($T76<=0.5,$C$64+($T76-0.2)*SLOPE($B$64:$C$64,$B$62:$C$62),))))) -> 0.073449705 | X76: =IF($T76<=0.05,$F$65,IF($T76<=0.07,$F$65+($T76-0.05)*SLOPE($E$65:$F$65,$E$62:$F$62),IF($T76<=0.1,$E$65+($T76-0.07)*SLOPE($D$65:$E$65,$D$62:$E$62),IF($T76<=0.2,$D$65+($T76-0.1)*SLOPE($C$65:$D$65,$C$62:$D$62),IF($T76<=0.5,$C$65+($T76-0.2)*SLOPE($B$65:$C$65,$B$62:$C$62),))))) -> 0.082788191 | Y76: =IF($T76<=0.05,$F$66,IF($T76<=0.07,$F$66+($T76-0.05)*SLOPE($E$66:$F$66,$E$62:$F$62),IF($T76<=0.1,$E$66+($T76-0.07)*SLOPE($D$66:$E$66,$D$62:$E$62),IF($T76<=0.2,$D$66+($T76-0.1)*SLOPE($C$66:$D$66,$C$62:$D$62),IF($T76<=0.5,$C$66+($T76-0.2)*SLOPE($B$66:$C$66,$B$62:$C$62),))))) -> 0.096969654 | Z76: =IF($T76<=0.05,$F$67,IF($T76<=0.07,$F$67+($T76-0.05)*SLOPE($E$67:$F$67,$E$62:$F$62),IF($T76<=0.1,$E$67+($T76-0.07)*SLOPE($D$67:$E$67,$D$62:$E$62),IF($T76<=0.2,$D$67+($T76-0.1)*SLOPE($C$67:$D$67,$C$62:$D$62),IF($T76<=0.5,$C$67+($T76-0.2)*SLOPE($B$67:$C$67,$B$62:$C$62),))))) -> 0.10105302 | AA76: =IF($T76<=0.05,$F$68,IF($T76<=0.07,$F$68+($T76-0.05)*SLOPE($E$68:$F$68,$E$62:$F$62),IF($T76<=0.1,$E$68+($T76-0.07)*SLOPE($D$68:$E$68,$D$62:$E$62),IF($T76<=0.2,$D$68+($T76-0.1)*SLOPE($C$68:$D$68,$C$62:$D$62),IF($T76<=0.5,$C$68+($T76-0.2)*SLOPE($B$68:$C$68,$B$62:$C$62),))))) -> 0.10921976
A77: 291 | B77: =PERCENTILE($C$75:$C$1074,$C77) -> 0.0093403724 | C77: 0.0054051609 | D77: =1/C77 -> 185.00837 | E77: =IF($C77<=0.005,$F$14,IF($C77<=0.01,$F$14+($C77-0.005)*SLOPE($E$14:$F$14,$E$11:$F$11),IF($C77<=0.04,$E$14+($C77-0.01)*SLOPE($D$14:$E$14,$D$11:$E$11),IF($C77<=0.1,$D$14+($C77-0.04)*SLOPE($C$14:$D$14,$C$11:$D$11),IF($C77<=1,$C$14+($C77-0.1)*SLOPE($B$14:$C$14,$B$11:$C$11),))))) -> 0.33918968 | F77: =IF($C77<=0.005,$F$27,IF($C77<=0.01,$F$27+($C77-0.005)*SLOPE($E$27:$F$27,$E$24:$F$24),IF($C77<=0.04,$E$27+($C77-0.01)*SLOPE($D$27:$E$27,$D$24:$E$24),IF($C77<=0.1,$D$27+($C77-0.04)*SLOPE($C$27:$D$27,$C$24:$D$24),IF($C77<=1,$C$27+($C77-0.1)*SLOPE($B$27:$C$27,$B$24:$C$24),))))) -> 0.39918968 | G77: =IF($C77<=0.005,$F$15,IF($C77<=0.01,$F$15+($C77-0.005)*SLOPE($E$15:$F$15,$E$11:$F$11),IF($C77<=0.04,$E$15+($C77-0.01)*SLOPE($D$15:$E$15,$D$11:$E$11),IF($C77<=0.1,$D$15+($C77-0.04)*SLOPE($C$15:$D$15,$C$11:$D$11),IF($C77<=1,$C$15+($C77-0.1)*SLOPE($B$15:$C$15,$B$11:$C$11),))))) -> 0.18918968 | H77: =IF($C77<=0.005,$F$28,IF($C77<=0.01,$F$28+($C77-0.005)*SLOPE($E$28:$F$28,$E$24:$F$24),IF($C77<=0.04,$E$28+($C77-0.01)*SLOPE($D$28:$E$28,$D$24:$E$24),IF($C77<=0.1,$D$28+($C77-0.04)*SLOPE($C$28:$D$28,$C$24:$D$24),IF($C77<=1,$C$28+($C77-0.1)*SLOPE($B$28:$C$28,$B$24:$C$24),))))) -> 0.18904174 | I77: =IF($C77<=0.005,$F$16,IF($C77<=0.01,$F$16+($C77-0.005)*SLOPE($E$16:$F$16,$E$11:$F$11),IF($C77<=0.04,$E$16+($C77-0.01)*SLOPE($D$16:$E$16,$D$11:$E$11),IF($C77<=0.1,$D$16+($C77-0.04)*SLOPE($C$16:$D$16,$C$11:$D$11),IF($C77<=1,$C$16+($C77-0.1)*SLOPE($B$16:$C$16,$B$11:$C$11),))))) -> 0.41093041 | J77: =IF($C77<=0.005,$F$29,IF($C77<=0.01,$F$29+($C77-0.005)*SLOPE($E$29:$F$29,$E$24:$F$24),IF($C77<=0.04,$E$29+($C77-0.01)*SLOPE($D$29:$E$29,$D$24:$E$24),IF($C77<=0.1,$D$29+($C77-0.04)*SLOPE($C$29:$D$29,$C$24:$D$24),IF($C77<=1,$C$29+($C77-0.1)*SLOPE($B$29:$C$29,$B$24:$C$24),))))) -> 0.45099794 | K77: =IF($C77<=0.005,$F$17,IF($C77<=0.01,$F$17+($C77-0.005)*SLOPE($E$17:$F$17,$E$11:$F$11),IF($C77<=0.04,$E$17+($C77-0.01)*SLOPE($D$17:$E$17,$D$11:$E$11),IF($C77<=0.1,$D$17+($C77-0.04)*SLOPE($C$17:$D$17,$C$11:$D$11),IF($C77<=1,$C$17+($C77-0.1)*SLOPE($B$17:$C$17,$B$11:$C$11),))))) -> 0.31086968 | L77: =IF($C77<=0.005,$F$30,IF($C77<=0.01,$F$30+($C77-0.005)*SLOPE($E$30:$F$30,$E$24:$F$24),IF($C77<=0.04,$E$30+($C77-0.01)*SLOPE($D$30:$E$30,$D$24:$E$24),IF($C77<=0.1,$D$30+($C77-0.04)*SLOPE($C$30:$D$30,$C$24:$D$24),IF($C77<=1,$C$30+($C77-0.1)*SLOPE($B$30:$C$30,$B$24:$C$24),))))) -> 0.31083855 | M77: =IF($C77<=0.005,$F$18,IF($C77<=0.01,$F$18+($C77-0.005)*SLOPE($E$18:$F$18,$E$11:$F$11),IF($C77<=0.04,$E$18+($C77-0.01)*SLOPE($D$18:$E$18,$D$11:$E$11),IF($C77<=0.1,$D$18+($C77-0.04)*SLOPE($C$18:$D$18,$C$11:$D$11),IF($C77<=1,$C$18+($C77-0.1)*SLOPE($B$18:$C$18,$B$11:$C$11),))))) -> 0.55441187 | N77: =IF($C77<=0.005,$F$31,IF($C77<=0.01,$F$31+($C77-0.005)*SLOPE($E$31:$F$31,$E$24:$F$24),IF($C77<=0.04,$E$31+($C77-0.01)*SLOPE($D$31:$E$31,$D$24:$E$24),IF($C77<=0.1,$D$31+($C77-0.04)*SLOPE($C$31:$D$31,$C$24:$D$24),IF($C77<=1,$C$31+($C77-0.1)*SLOPE($B$31:$C$31,$B$24:$C$24),))))) -> 0.55461446 | O77: =IF($C77<=0.005,$F$19,IF($C77<=0.01,$F$19+($C77-0.005)*SLOPE($E$19:$F$19,$E$11:$F$11),IF($C77<=0.04,$E$19+($C77-0.01)*SLOPE($D$19:$E$19,$D$11:$E$11),IF($C77<=0.1,$D$19+($C77-0.04)*SLOPE($C$19:$D$19,$C$11:$D$11),IF($C77<=1,$C$19+($C77-0.1)*SLOPE($B$19:$C$19,$B$11:$C$11),))))) -> 0.55422968 | P77: =IF($C77<=0.005,$F$32,IF($C77<=0.01,$F$32+($C77-0.005)*SLOPE($E$32:$F$32,$E$24:$F$24),IF($C77<=0.04,$E$32+($C77-0.01)*SLOPE($D$32:$E$32,$D$24:$E$24),IF($C77<=0.1,$D$32+($C77-0.04)*SLOPE($C$32:$D$32,$C$24:$D$24),IF($C77<=1,$C$32+($C77-0.1)*SLOPE($B$32:$C$32,$B$24:$C$24),))))) -> 0.55443219 | Q77: =IF($C77<=0.005,$F$20,IF($C77<=0.01,$F$20+($C77-0.005)*SLOPE($E$20:$F$20,$E$11:$F$11),IF($C77<=0.04,$E$20+($C77-0.01)*SLOPE($D$20:$E$20,$D$11:$E$11),IF($C77<=0.1,$D$20+($C77-0.04)*SLOPE($C$20:$D$20,$C$11:$D$11),IF($C77<=1,$C$20+($C77-0.1)*SLOPE($B$20:$C$20,$B$11:$C$11),))))) -> 20.432775 | T77: 0.1304497 | U77: =1/T77 -> 7.66579 | V77: =IF($T77<=0.05,$F$63,IF($T77<=0.07,$F$63+($T77-0.05)*SLOPE($E$63:$F$63,$E$62:$F$62),IF($T77<=0.1,$E$63+($T77-0.07)*SLOPE($D$63:$E$63,$D$62:$E$62),IF($T77<=0.2,$D$63+($T77-0.1)*SLOPE($C$63:$D$63,$C$62:$D$62),IF($T77<=0.5,$C$63+($T77-0.2)*SLOPE($B$63:$C$63,$B$62:$C$62),))))) -> 0.086961656 | W77: =IF($T77<=0.05,$F$64,IF($T77<=0.07,$F$64+($T77-0.05)*SLOPE($E$64:$F$64,$E$62:$F$62),IF($T77<=0.1,$E$64+($T77-0.07)*SLOPE($D$64:$E$64,$D$62:$E$62),IF($T77<=0.2,$D$64+($T77-0.1)*SLOPE($C$64:$D$64,$C$62:$D$62),IF($T77<=0.5,$C$64+($T77-0.2)*SLOPE($B$64:$C$64,$B$62:$C$62),))))) -> 0.090732035 | X77: =IF($T77<=0.05,$F$65,IF($T77<=0.07,$F$65+($T77-0.05)*SLOPE($E$65:$F$65,$E$62:$F$62),IF($T77<=0.1,$E$65+($T77-0.07)*SLOPE($D$65:$E$65,$D$62:$E$62),IF($T77<=0.2,$D$65+($T77-0.1)*SLOPE($C$65:$D$65,$C$62:$D$62),IF($T77<=0.5,$C$65+($T77-0.2)*SLOPE($B$65:$C$65,$B$62:$C$62),))))) -> 0.098272794 | Y77: =IF($T77<=0.05,$F$66,IF($T77<=0.07,$F$66+($T77-0.05)*SLOPE($E$66:$F$66,$E$62:$F$62),IF($T77<=0.1,$E$66+($T77-0.07)*SLOPE($D$66:$E$66,$D$62:$E$62),IF($T77<=0.2,$D$66+($T77-0.1)*SLOPE($C$66:$D$66,$C$62:$D$62),IF($T77<=0.5,$C$66+($T77-0.2)*SLOPE($B$66:$C$66,$B$62:$C$62),))))) -> 0.12386965 | Z77: =IF($T77<=0.05,$F$67,IF($T77<=0.07,$F$67+($T77-0.05)*SLOPE($E$67:$F$67,$E$62:$F$62),IF($T77<=0.1,$E$67+($T77-0.07)*SLOPE($D$67:$E$67,$D$62:$E$62),IF($T77<=0.2,$D$67+($T77-0.1)*SLOPE($C$67:$D$67,$C$62:$D$62),IF($T77<=0.5,$C$67+($T77-0.2)*SLOPE($B$67:$C$67,$B$62:$C$62),))))) -> 0.12702975 | AA77: =IF($T77<=0.05,$F$68,IF($T77<=0.07,$F$68+($T77-0.05)*SLOPE($E$68:$F$68,$E$62:$F$62),IF($T77<=0.1,$E$68+($T77-0.07)*SLOPE($D$68:$E$68,$D$62:$E$62),IF($T77<=0.2,$D$68+($T77-0.1)*SLOPE($C$68:$D$68,$C$62:$D$62),IF($T77<=0.5,$C$68+($T77-0.2)*SLOPE($B$68:$C$68,$B$62:$C$62),))))) -> 0.13334994
A78: 515 | B78: =PERCENTILE($C$75:$C$1074,$C78) -> 0.010059122 | C78: 0.0078035565 | D78: =1/C78 -> 128.1467 | E78: =IF($C78<=0.005,$F$14,IF($C78<=0.01,$F$14+($C78-0.005)*SLOPE($E$14:$F$14,$E$11:$F$11),IF($C78<=0.04,$E$14+($C78-0.01)*SLOPE($D$14:$E$14,$D$11:$E$11),IF($C78<=0.1,$D$14+($C78-0.04)*SLOPE($C$14:$D$14,$C$11:$D$11),IF($C78<=1,$C$14+($C78-0.1)*SLOPE($B$14:$C$14,$B$11:$C$11),))))) -> 0.33439289 | F78: =IF($C78<=0.005,$F$27,IF($C78<=0.01,$F$27+($C78-0.005)*SLOPE($E$27:$F$27,$E$24:$F$24),IF($C78<=0.04,$E$27+($C78-0.01)*SLOPE($D$27:$E$27,$D$24:$E$24),IF($C78<=0.1,$D$27+($C78-0.04)*SLOPE($C$27:$D$27,$C$24:$D$24),IF($C78<=1,$C$27+($C78-0.1)*SLOPE($B$27:$C$27,$B$24:$C$24),))))) -> 0.39439289 | G78: =IF($C78<=0.005,$F$15,IF($C78<=0.01,$F$15+($C78-0.005)*SLOPE($E$15:$F$15,$E$11:$F$11),IF($C78<=0.04,$E$15+($C78-0.01)*SLOPE($D$15:$E$15,$D$11:$E$11),IF($C78<=0.1,$D$15+($C78-0.04)*SLOPE($C$15:$D$15,$C$11:$D$11),IF($C78<=1,$C$15+($C78-0.1)*SLOPE($B$15:$C$15,$B$11:$C$11),))))) -> 0.18439289 | H78: =IF($C78<=0.005,$F$28,IF($C78<=0.01,$F$28+($C78-0.005)*SLOPE($E$28:$F$28,$E$24:$F$24),IF($C78<=0.04,$E$28+($C78-0.01)*SLOPE($D$28:$E$28,$D$24:$E$24),IF($C78<=0.1,$D$28+($C78-0.04)*SLOPE($C$28:$D$28,$C$24:$D$24),IF($C78<=1,$C$28+($C78-0.1)*SLOPE($B$28:$C$28,$B$24:$C$24),))))) -> 0.18249336 | I78: =IF($C78<=0.005,$F$16,IF($C78<=0.01,$F$16+($C78-0.005)*SLOPE($E$16:$F$16,$E$11:$F$11),IF($C78<=0.04,$E$16+($C78-0.01)*SLOPE($D$16:$E$16,$D$11:$E$11),IF($C78<=0.1,$D$16+($C78-0.04)*SLOPE($C$16:$D$16,$C$11:$D$11),IF($C78<=1,$C$16+($C78-0.1)*SLOPE($B$16:$C$16,$B$11:$C$11),))))) -> 0.40465921 | J78: =IF($C78<=0.005,$F$29,IF($C78<=0.01,$F$29+($C78-0.005)*SLOPE($E$29:$F$29,$E$24:$F$24),IF($C78<=0.04,$E$29+($C78-0.01)*SLOPE($D$29:$E$29,$D$24:$E$24),IF($C78<=0.1,$D$29+($C78-0.04)*SLOPE($C$29:$D$29,$C$24:$D$24),IF($C78<=1,$C$29+($C78-0.1)*SLOPE($B$29:$C$29,$B$24:$C$24),))))) -> 0.44472628 | K78: =IF($C78<=0.005,$F$17,IF($C78<=0.01,$F$17+($C78-0.005)*SLOPE($E$17:$F$17,$E$11:$F$11),IF($C78<=0.04,$E$17+($C78-0.01)*SLOPE($D$17:$E$17,$D$11:$E$11),IF($C78<=0.1,$D$17+($C78-0.04)*SLOPE($C$17:$D$17,$C$11:$D$11),IF($C78<=1,$C$17+($C78-0.1)*SLOPE($B$17:$C$17,$B$11:$C$11),))))) -> 0.30460173 | L78: =IF($C78<=0.005,$F$30,IF($C78<=0.01,$F$30+($C78-0.005)*SLOPE($E$30:$F$30,$E$24:$F$24),IF($C78<=0.04,$E$30+($C78-0.01)*SLOPE($D$30:$E$30,$D$24:$E$24),IF($C78<=0.1,$D$30+($C78-0.04)*SLOPE($C$30:$D$30,$C$24:$D$24),IF($C78<=1,$C$30+($C78-0.1)*SLOPE($B$30:$C$30,$B$24:$C$24),))))) -> 0.30340242 | M78: =IF($C78<=0.005,$F$18,IF($C78<=0.01,$F$18+($C78-0.005)*SLOPE($E$18:$F$18,$E$11:$F$11),IF($C78<=0.04,$E$18+($C78-0.01)*SLOPE($D$18:$E$18,$D$11:$E$11),IF($C78<=0.1,$D$18+($C78-0.04)*SLOPE($C$18:$D$18,$C$11:$D$11),IF($C78<=1,$C$18+($C78-0.1)*SLOPE($B$18:$C$18,$B$11:$C$11),))))) -> 0.54519186 | N78: =IF($C78<=0.005,$F$31,IF($C78<=0.01,$F$31+($C78-0.005)*SLOPE($E$31:$F$31,$E$24:$F$24),IF($C78<=0.04,$E$31+($C78-0.01)*SLOPE($D$31:$E$31,$D$24:$E$24),IF($C78<=0.1,$D$31+($C78-0.04)*SLOPE($C$31:$D$31,$C$24:$D$24),IF($C78<=1,$C$31+($C78-0.1)*SLOPE($B$31:$C$31,$B$24:$C$24),))))) -> 0.54539306 | O78: =IF($C78<=0.005,$F$19,IF($C78<=0.01,$F$19+($C78-0.005)*SLOPE($E$19:$F$19,$E$11:$F$11),IF($C78<=0.04,$E$19+($C78-0.01)*SLOPE($D$19:$E$19,$D$11:$E$11),IF($C78<=0.1,$D$19+($C78-0.04)*SLOPE($C$19:$D$19,$C$11:$D$11),IF($C78<=1,$C$19+($C78-0.1)*SLOPE($B$19:$C$19,$B$11:$C$11),))))) -> 0.54501943 | P78: =IF($C78<=0.005,$F$32,IF($C78<=0.01,$F$32+($C78-0.005)*SLOPE($E$32:$F$32,$E$24:$F$24),IF($C78<=0.04,$E$32+($C78-0.01)*SLOPE($D$32:$E$32,$D$24:$E$24),IF($C78<=0.1,$D$32+($C78-0.04)*SLOPE($C$32:$D$32,$C$24:$D$24),IF($C78<=1,$C$32+($C78-0.1)*SLOPE($B$32:$C$32,$B$24:$C$24),))))) -> 0.54522056 | Q78: =IF($C78<=0.005,$F$20,IF($C78<=0.01,$F$20+($C78-0.005)*SLOPE($E$20:$F$20,$E$11:$F$11),IF($C78<=0.04,$E$20+($C78-0.01)*SLOPE($D$20:$E$20,$D$11:$E$11),IF($C78<=0.1,$D$20+($C78-0.04)*SLOPE($C$20:$D$20,$C$11:$D$11),IF($C78<=1,$C$20+($C78-0.1)*SLOPE($B$20:$C$20,$B$11:$C$11),))))) -> 17.075021 | T78: 0.89667617 | U78: =1/T78 -> 1.1152298 | V78: =IF($T78<=0.05,$F$63,IF($T78<=0.07,$F$63+($T78-0.05)*SLOPE($E$63:$F$63,$E$62:$F$62),IF($T78<=0.1,$E$63+($T78-0.07)*SLOPE($D$63:$E$63,$D$62:$E$62),IF($T78<=0.2,$D$63+($T78-0.1)*SLOPE($C$63:$D$63,$C$62:$D$62),IF($T78<=0.5,$C$63+($T78-0.2)*SLOPE($B$63:$C$63,$B$62:$C$62),))))) -> 0 | W78: =IF($T78<=0.05,$F$64,IF($T78<=0.07,$F$64+($T78-0.05)*SLOPE($E$64:$F$64,$E$62:$F$62),IF($T78<=0.1,$E$64+($T78-0.07)*SLOPE($D$64:$E$64,$D$62:$E$62),IF($T78<=0.2,$D$64+($T78-0.1)*SLOPE($C$64:$D$64,$C$62:$D$62),IF($T78<=0.5,$C$64+($T78-0.2)*SLOPE($B$64:$C$64,$B$62:$C$62),))))) -> 0 | X78: =IF($T78<=0.05,$F$65,IF($T78<=0.07,$F$65+($T78-0.05)*SLOPE($E$65:$F$65,$E$62:$F$62),IF($T78<=0.1,$E$65+($T78-0.07)*SLOPE($D$65:$E$65,$D$62:$E$62),IF($T78<=0.2,$D$65+($T78-0.1)*SLOPE($C$65:$D$65,$C$62:$D$62),IF($T78<=0.5,$C$65+($T78-0.2)*SLOPE($B$65:$C$65,$B$62:$C$62),))))) -> 0 | Y78: =IF($T78<=0.05,$F$66,IF($T78<=0.07,$F$66+($T78-0.05)*SLOPE($E$66:$F$66,$E$62:$F$62),IF($T78<=0.1,$E$66+($T78-0.07)*SLOPE($D$66:$E$66,$D$62:$E$62),IF($T78<=0.2,$D$66+($T78-0.1)*SLOPE($C$66:$D$66,$C$62:$D$62),IF($T78<=0.5,$C$66+($T78-0.2)*SLOPE($B$66:$C$66,$B$62:$C$62),))))) -> 0 | Z78: =IF($T78<=0.05,$F$67,IF($T78<=0.07,$F$67+($T78-0.05)*SLOPE($E$67:$F$67,$E$62:$F$62),IF($T78<=0.1,$E$67+($T78-0.07)*SLOPE($D$67:$E$67,$D$62:$E$62),IF($T78<=0.2,$D$67+($T78-0.1)*SLOPE($C$67:$D$67,$C$62:$D$62),IF($T78<=0.5,$C$67+($T78-0.2)*SLOPE($B$67:$C$67,$B$62:$C$62),))))) -> 0 | AA78: =IF($T78<=0.05,$F$68,IF($T78<=0.07,$F$68+($T78-0.05)*SLOPE($E$68:$F$68,$E$62:$F$62),IF($T78<=0.1,$E$68+($T78-0.07)*SLOPE($D$68:$E$68,$D$62:$E$62),IF($T78<=0.2,$D$68+($T78-0.1)*SLOPE($C$68:$D$68,$C$62:$D$62),IF($T78<=0.5,$C$68+($T78-0.2)*SLOPE($B$68:$C$68,$B$62:$C$62),))))) -> 0
A79: 266 | B79: =PERCENTILE($C$75:$C$1074,$C79) -> 0.010101318 | C79: 0.0080226864 | D79: =1/C79 -> 124.64653 | E79: =IF($C79<=0.005,$F$14,IF($C79<=0.01,$F$14+($C79-0.005)*SLOPE($E$14:$F$14,$E$11:$F$11),IF($C79<=0.04,$E$14+($C79-0.01)*SLOPE($D$14:$E$14,$D$11:$E$11),IF($C79<=0.1,$D$14+($C79-0.04)*SLOPE($C$14:$D$14,$C$11:$D$11),IF($C79<=1,$C$14+($C79-0.1)*SLOPE($B$14:$C$14,$B$11:$C$11),))))) -> 0.33395463 | F79: =IF($C79<=0.005,$F$27,IF($C79<=0.01,$F$27+($C79-0.005)*SLOPE($E$27:$F$27,$E$24:$F$24),IF($C79<=0.04,$E$27+($C79-0.01)*SLOPE($D$27:$E$27,$D$24:$E$24),IF($C79<=0.1,$D$27+($C79-0.04)*SLOPE($C$27:$D$27,$C$24:$D$24),IF($C79<=1,$C$27+($C79-0.1)*SLOPE($B$27:$C$27,$B$24:$C$24),))))) -> 0.39395463 | G79: =IF($C79<=0.005,$F$15,IF($C79<=0.01,$F$15+($C79-0.005)*SLOPE($E$15:$F$15,$E$11:$F$11),IF($C79<=0.04,$E$15+($C79-0.01)*SLOPE($D$15:$E$15,$D$11:$E$11),IF($C79<=0.1,$D$15+($C79-0.04)*SLOPE($C$15:$D$15,$C$11:$D$11),IF($C79<=1,$C$15+($C79-0.1)*SLOPE($B$15:$C$15,$B$11:$C$11),))))) -> 0.18395463 | H79: =IF($C79<=0.005,$F$28,IF($C79<=0.01,$F$28+($C79-0.005)*SLOPE($E$28:$F$28,$E$24:$F$24),IF($C79<=0.04,$E$28+($C79-0.01)*SLOPE($D$28:$E$28,$D$24:$E$24),IF($C79<=0.1,$D$28+($C79-0.04)*SLOPE($C$28:$D$28,$C$24:$D$24),IF($C79<=1,$C$28+($C79-0.1)*SLOPE($B$28:$C$28,$B$24:$C$24),))))) -> 0.18189506 | I79: =IF($C79<=0.005,$F$16,IF($C79<=0.01,$F$16+($C79-0.005)*SLOPE($E$16:$F$16,$E$11:$F$11),IF($C79<=0.04,$E$16+($C79-0.01)*SLOPE($D$16:$E$16,$D$11:$E$11),IF($C79<=0.1,$D$16+($C79-0.04)*SLOPE($C$16:$D$16,$C$11:$D$11),IF($C79<=1,$C$16+($C79-0.1)*SLOPE($B$16:$C$16,$B$11:$C$11),))))) -> 0.40408624 | J79: =IF($C79<=0.005,$F$29,IF($C79<=0.01,$F$29+($C79-0.005)*SLOPE($E$29:$F$29,$E$24:$F$24),IF($C79<=0.04,$E$29+($C79-0.01)*SLOPE($D$29:$E$29,$D$24:$E$24),IF($C79<=0.1,$D$29+($C79-0.04)*SLOPE($C$29:$D$29,$C$24:$D$24),IF($C79<=1,$C$29+($C79-0.1)*SLOPE($B$29:$C$29,$B$24:$C$24),))))) -> 0.44415327 | K79: =IF($C79<=0.005,$F$17,IF($C79<=0.01,$F$17+($C79-0.005)*SLOPE($E$17:$F$17,$E$11:$F$11),IF($C79<=0.04,$E$17+($C79-0.01)*SLOPE($D$17:$E$17,$D$11:$E$11),IF($C79<=0.1,$D$17+($C79-0.04)*SLOPE($C$17:$D$17,$C$11:$D$11),IF($C79<=1,$C$17+($C79-0.1)*SLOPE($B$17:$C$17,$B$11:$C$11),))))) -> 0.30402906 | L79: =IF($C79<=0.005,$F$30,IF($C79<=0.01,$F$30+($C79-0.005)*SLOPE($E$30:$F$30,$E$24:$F$24),IF($C79<=0.04,$E$30+($C79-0.01)*SLOPE($D$30:$E$30,$D$24:$E$24),IF($C79<=0.1,$D$30+($C79-0.04)*SLOPE($C$30:$D$30,$C$24:$D$24),IF($C79<=1,$C$30+($C79-0.1)*SLOPE($B$30:$C$30,$B$24:$C$24),))))) -> 0.30272302 | M79: =IF($C79<=0.005,$F$18,IF($C79<=0.01,$F$18+($C79-0.005)*SLOPE($E$18:$F$18,$E$11:$F$11),IF($C79<=0.04,$E$18+($C79-0.01)*SLOPE($D$18:$E$18,$D$11:$E$11),IF($C79<=0.1,$D$18+($C79-0.04)*SLOPE($C$18:$D$18,$C$11:$D$11),IF($C79<=1,$C$18+($C79-0.1)*SLOPE($B$18:$C$18,$B$11:$C$11),))))) -> 0.54434947 | N79: =IF($C79<=0.005,$F$31,IF($C79<=0.01,$F$31+($C79-0.005)*SLOPE($E$31:$F$31,$E$24:$F$24),IF($C79<=0.04,$E$31+($C79-0.01)*SLOPE($D$31:$E$31,$D$24:$E$24),IF($C79<=0.1,$D$31+($C79-0.04)*SLOPE($C$31:$D$31,$C$24:$D$24),IF($C79<=1,$C$31+($C79-0.1)*SLOPE($B$31:$C$31,$B$24:$C$24),))))) -> 0.54455054 | O79: =IF($C79<=0.005,$F$19,IF($C79<=0.01,$F$19+($C79-0.005)*SLOPE($E$19:$F$19,$E$11:$F$11),IF($C79<=0.04,$E$19+($C79-0.01)*SLOPE($D$19:$E$19,$D$11:$E$11),IF($C79<=0.1,$D$19+($C79-0.04)*SLOPE($C$19:$D$19,$C$11:$D$11),IF($C79<=1,$C$19+($C79-0.1)*SLOPE($B$19:$C$19,$B$11:$C$11),))))) -> 0.54417793 | P79: =IF($C79<=0.005,$F$32,IF($C79<=0.01,$F$32+($C79-0.005)*SLOPE($E$32:$F$32,$E$24:$F$24),IF($C79<=0.04,$E$32+($C79-0.01)*SLOPE($D$32:$E$32,$D$24:$E$24),IF($C79<=0.1,$D$32+($C79-0.04)*SLOPE($C$32:$D$32,$C$24:$D$24),IF($C79<=1,$C$32+($C79-0.1)*SLOPE($B$32:$C$32,$B$24:$C$24),))))) -> 0.54437894 | Q79: =IF($C79<=0.005,$F$20,IF($C79<=0.01,$F$20+($C79-0.005)*SLOPE($E$20:$F$20,$E$11:$F$11),IF($C79<=0.04,$E$20+($C79-0.01)*SLOPE($D$20:$E$20,$D$11:$E$11),IF($C79<=0.1,$D$20+($C79-0.04)*SLOPE($C$20:$D$20,$C$11:$D$11),IF($C79<=1,$C$20+($C79-0.1)*SLOPE($B$20:$C$20,$B$11:$C$11),))))) -> 16.768239 | T79: 0.4850485 | U79: =1/T79 -> 2.0616495 | V79: =IF($T79<=0.05,$F$63,IF($T79<=0.07,$F$63+($T79-0.05)*SLOPE($E$63:$F$63,$E$62:$F$62),IF($T79<=0.1,$E$63+($T79-0.07)*SLOPE($D$63:$E$63,$D$62:$E$62),IF($T79<=0.2,$D$63+($T79-0.1)*SLOPE($C$63:$D$63,$C$62:$D$62),IF($T79<=0.5,$C$63+($T79-0.2)*SLOPE($B$63:$C$63,$B$62:$C$62),))))) -> 0.058856586 | W79: =IF($T79<=0.05,$F$64,IF($T79<=0.07,$F$64+($T79-0.05)*SLOPE($E$64:$F$64,$E$62:$F$62),IF($T79<=0.1,$E$64+($T79-0.07)*SLOPE($D$64:$E$64,$D$62:$E$62),IF($T79<=0.2,$D$64+($T79-0.1)*SLOPE($C$64:$D$64,$C$62:$D$62),IF($T79<=0.5,$C$64+($T79-0.2)*SLOPE($B$64:$C$64,$B$62:$C$62),))))) -> 0.063921286 | X79: =IF($T79<=0.05,$F$65,IF($T79<=0.07,$F$65+($T79-0.05)*SLOPE($E$65:$F$65,$E$62:$F$62),IF($T79<=0.1,$E$65+($T79-0.07)*SLOPE($D$65:$E$65,$D$62:$E$62),IF($T79<=0.2,$D$65+($T79-0.1)*SLOPE($C$65:$D$65,$C$62:$D$62),IF($T79<=0.5,$C$65+($T79-0.2)*SLOPE($B$65:$C$65,$B$62:$C$62),))))) -> 0.074050686 | Y79: =IF($T79<=0.05,$F$66,IF($T79<=0.07,$F$66+($T79-0.05)*SLOPE($E$66:$F$66,$E$62:$F$62),IF($T79<=0.1,$E$66+($T79-0.07)*SLOPE($D$66:$E$66,$D$62:$E$62),IF($T79<=0.2,$D$66+($T79-0.1)*SLOPE($C$66:$D$66,$C$62:$D$62),IF($T79<=0.5,$C$66+($T79-0.2)*SLOPE($B$66:$C$66,$B$62:$C$62),))))) -> 0.082281898 | Z79: =IF($T79<=0.05,$F$67,IF($T79<=0.07,$F$67+($T79-0.05)*SLOPE($E$67:$F$67,$E$62:$F$62),IF($T79<=0.1,$E$67+($T79-0.07)*SLOPE($D$67:$E$67,$D$62:$E$62),IF($T79<=0.2,$D$67+($T79-0.1)*SLOPE($C$67:$D$67,$C$62:$D$62),IF($T79<=0.5,$C$67+($T79-0.2)*SLOPE($B$67:$C$67,$B$62:$C$62),))))) -> 0.086760397 | AA79: =IF($T79<=0.05,$F$68,IF($T79<=0.07,$F$68+($T79-0.05)*SLOPE($E$68:$F$68,$E$62:$F$62),IF($T79<=0.1,$E$68+($T79-0.07)*SLOPE($D$68:$E$68,$D$62:$E$62),IF($T79<=0.2,$D$68+($T79-0.1)*SLOPE($C$68:$D$68,$C$62:$D$62),IF($T79<=0.5,$C$68+($T79-0.2)*SLOPE($B$68:$C$68,$B$62:$C$62),))))) -> 0.095717395
A80: 680 | B80: =PERCENTILE($C$75:$C$1074,$C80) -> 0.011633495 | C80: 0.0090529495 | D80: =1/C80 -> 110.46124 | E80: =IF($C80<=0.005,$F$14,IF($C80<=0.01,$F$14+($C80-0.005)*SLOPE($E$14:$F$14,$E$11:$F$11),IF($C80<=0.04,$E$14+($C80-0.01)*SLOPE($D$14:$E$14,$D$11:$E$11),IF($C80<=0.1,$D$14+($C80-0.04)*SLOPE($C$14:$D$14,$C$11:$D$11),IF($C80<=1,$C$14+($C80-0.1)*SLOPE($B$14:$C$14,$B$11:$C$11),))))) -> 0.3318941 | F80: =IF($C80<=0.005,$F$27,IF($C80<=0.01,$F$27+($C80-0.005)*SLOPE($E$27:$F$27,$E$24:$F$24),IF($C80<=0.04,$E$27+($C80-0.01)*SLOPE($D$27:$E$27,$D$24:$E$24),IF($C80<=0.1,$D$27+($C80-0.04)*SLOPE($C$27:$D$27,$C$24:$D$24),IF($C80<=1,$C$27+($C80-0.1)*SLOPE($B$27:$C$27,$B$24:$C$24),))))) -> 0.3918941 | G80: =IF($C80<=0.005,$F$15,IF($C80<=0.01,$F$15+($C80-0.005)*SLOPE($E$15:$F$15,$E$11:$F$11),IF($C80<=0.04,$E$15+($C80-0.01)*SLOPE($D$15:$E$15,$D$11:$E$11),IF($C80<=0.1,$D$15+($C80-0.04)*SLOPE($C$15:$D$15,$C$11:$D$11),IF($C80<=1,$C$15+($C80-0.1)*SLOPE($B$15:$C$15,$B$11:$C$11),))))) -> 0.1818941 | H80: =IF($C80<=0.005,$F$28,IF($C80<=0.01,$F$28+($C80-0.005)*SLOPE($E$28:$F$28,$E$24:$F$24),IF($C80<=0.04,$E$28+($C80-0.01)*SLOPE($D$28:$E$28,$D$24:$E$24),IF($C80<=0.1,$D$28+($C80-0.04)*SLOPE($C$28:$D$28,$C$24:$D$24),IF($C80<=1,$C$28+($C80-0.1)*SLOPE($B$28:$C$28,$B$24:$C$24),))))) -> 0.17908212 | I80: =IF($C80<=0.005,$F$16,IF($C80<=0.01,$F$16+($C80-0.005)*SLOPE($E$16:$F$16,$E$11:$F$11),IF($C80<=0.04,$E$16+($C80-0.01)*SLOPE($D$16:$E$16,$D$11:$E$11),IF($C80<=0.1,$D$16+($C80-0.04)*SLOPE($C$16:$D$16,$C$11:$D$11),IF($C80<=1,$C$16+($C80-0.1)*SLOPE($B$16:$C$16,$B$11:$C$11),))))) -> 0.40139236 | J80: =IF($C80<=0.005,$F$29,IF($C80<=0.01,$F$29+($C80-0.005)*SLOPE($E$29:$F$29,$E$24:$F$24),IF($C80<=0.04,$E$29+($C80-0.01)*SLOPE($D$29:$E$29,$D$24:$E$24),IF($C80<=0.1,$D$29+($C80-0.04)*SLOPE($C$29:$D$29,$C$24:$D$24),IF($C80<=1,$C$29+($C80-0.1)*SLOPE($B$29:$C$29,$B$24:$C$24),))))) -> 0.44145919 | K80: =IF($C80<=0.005,$F$17,IF($C80<=0.01,$F$17+($C80-0.005)*SLOPE($E$17:$F$17,$E$11:$F$11),IF($C80<=0.04,$E$17+($C80-0.01)*SLOPE($D$17:$E$17,$D$11:$E$11),IF($C80<=0.1,$D$17+($C80-0.04)*SLOPE($C$17:$D$17,$C$11:$D$11),IF($C80<=1,$C$17+($C80-0.1)*SLOPE($B$17:$C$17,$B$11:$C$11),))))) -> 0.30133658 | L80: =IF($C80<=0.005,$F$30,IF($C80<=0.01,$F$30+($C80-0.005)*SLOPE($E$30:$F$30,$E$24:$F$24),IF($C80<=0.04,$E$30+($C80-0.01)*SLOPE($D$30:$E$30,$D$24:$E$24),IF($C80<=0.1,$D$30+($C80-0.04)*SLOPE($C$30:$D$30,$C$24:$D$24),IF($C80<=1,$C$30+($C80-0.1)*SLOPE($B$30:$C$30,$B$24:$C$24),))))) -> 0.29952873 | M80: =IF($C80<=0.005,$F$18,IF($C80<=0.01,$F$18+($C80-0.005)*SLOPE($E$18:$F$18,$E$11:$F$11),IF($C80<=0.04,$E$18+($C80-0.01)*SLOPE($D$18:$E$18,$D$11:$E$11),IF($C80<=0.1,$D$18+($C80-0.04)*SLOPE($C$18:$D$18,$C$11:$D$11),IF($C80<=1,$C$18+($C80-0.1)*SLOPE($B$18:$C$18,$B$11:$C$11),))))) -> 0.54038889 | N80: =IF($C80<=0.005,$F$31,IF($C80<=0.01,$F$31+($C80-0.005)*SLOPE($E$31:$F$31,$E$24:$F$24),IF($C80<=0.04,$E$31+($C80-0.01)*SLOPE($D$31:$E$31,$D$24:$E$24),IF($C80<=0.1,$D$31+($C80-0.04)*SLOPE($C$31:$D$31,$C$24:$D$24),IF($C80<=1,$C$31+($C80-0.1)*SLOPE($B$31:$C$31,$B$24:$C$24),))))) -> 0.54058936 | O80: =IF($C80<=0.005,$F$19,IF($C80<=0.01,$F$19+($C80-0.005)*SLOPE($E$19:$F$19,$E$11:$F$11),IF($C80<=0.04,$E$19+($C80-0.01)*SLOPE($D$19:$E$19,$D$11:$E$11),IF($C80<=0.1,$D$19+($C80-0.04)*SLOPE($C$19:$D$19,$C$11:$D$11),IF($C80<=1,$C$19+($C80-0.1)*SLOPE($B$19:$C$19,$B$11:$C$11),))))) -> 0.54022154 | P80: =IF($C80<=0.005,$F$32,IF($C80<=0.01,$F$32+($C80-0.005)*SLOPE($E$32:$F$32,$E$24:$F$24),IF($C80<=0.04,$E$32+($C80-0.01)*SLOPE($D$32:$E$32,$D$24:$E$24),IF($C80<=0.1,$D$32+($C80-0.04)*SLOPE($C$32:$D$32,$C$24:$D$24),IF($C80<=1,$C$32+($C80-0.1)*SLOPE($B$32:$C$32,$B$24:$C$24),))))) -> 0.54042196 | Q80: =IF($C80<=0.005,$F$20,IF($C80<=0.01,$F$20+($C80-0.005)*SLOPE($E$20:$F$20,$E$11:$F$11),IF($C80<=0.04,$E$20+($C80-0.01)*SLOPE($D$20:$E$20,$D$11:$E$11),IF($C80<=0.1,$D$20+($C80-0.04)*SLOPE($C$20:$D$20,$C$11:$D$11),IF($C80<=1,$C$20+($C80-0.1)*SLOPE($B$20:$C$20,$B$11:$C$11),))))) -> 15.325871 | T80: 0.33084868 | U80: =1/T80 -> 3.0225298 | V80: =IF($T80<=0.05,$F$63,IF($T80<=0.07,$F$63+($T80-0.05)*SLOPE($E$63:$F$63,$E$62:$F$62),IF($T80<=0.1,$E$63+($T80-0.07)*SLOPE($D$63:$E$63,$D$62:$E$62),IF($T80<=0.2,$D$63+($T80-0.1)*SLOPE($C$63:$D$63,$C$62:$D$62),IF($T80<=0.5,$C$63+($T80-0.2)*SLOPE($B$63:$C$63,$B$62:$C$62),))))) -> 0.068944117 | W80: =IF($T80<=0.05,$F$64,IF($T80<=0.07,$F$64+($T80-0.05)*SLOPE($E$64:$F$64,$E$62:$F$62),IF($T80<=0.1,$E$64+($T80-0.07)*SLOPE($D$64:$E$64,$D$62:$E$62),IF($T80<=0.2,$D$64+($T80-0.1)*SLOPE($C$64:$D$64,$C$62:$D$62),IF($T80<=0.5,$C$64+($T80-0.2)*SLOPE($B$64:$C$64,$B$62:$C$62),))))) -> 0.073606838 | X80: =IF($T80<=0.05,$F$65,IF($T80<=0.07,$F$65+($T80-0.05)*SLOPE($E$65:$F$65,$E$62:$F$62),IF($T80<=0.1,$E$65+($T80-0.07)*SLOPE($D$65:$E$65,$D$62:$E$62),IF($T80<=0.2,$D$65+($T80-0.1)*SLOPE($C$65:$D$65,$C$62:$D$62),IF($T80<=0.5,$C$65+($T80-0.2)*SLOPE($B$65:$C$65,$B$62:$C$62),))))) -> 0.08293228 | Y80: =IF($T80<=0.05,$F$66,IF($T80<=0.07,$F$66+($T80-0.05)*SLOPE($E$66:$F$66,$E$62:$F$62),IF($T80<=0.1,$E$66+($T80-0.07)*SLOPE($D$66:$E$66,$D$62:$E$62),IF($T80<=0.2,$D$66+($T80-0.1)*SLOPE($C$66:$D$66,$C$62:$D$62),IF($T80<=0.5,$C$66+($T80-0.2)*SLOPE($B$66:$C$66,$B$62:$C$62),))))) -> 0.097211868 | Z80: =IF($T80<=0.05,$F$67,IF($T80<=0.07,$F$67+($T80-0.05)*SLOPE($E$67:$F$67,$E$62:$F$62),IF($T80<=0.1,$E$67+($T80-0.07)*SLOPE($D$67:$E$67,$D$62:$E$62),IF($T80<=0.2,$D$67+($T80-0.1)*SLOPE($C$67:$D$67,$C$62:$D$62),IF($T80<=0.5,$C$67+($T80-0.2)*SLOPE($B$67:$C$67,$B$62:$C$62),))))) -> 0.10128872 | AA80: =IF($T80<=0.05,$F$68,IF($T80<=0.07,$F$68+($T80-0.05)*SLOPE($E$68:$F$68,$E$62:$F$62),IF($T80<=0.1,$E$68+($T80-0.07)*SLOPE($D$68:$E$68,$D$62:$E$62),IF($T80<=0.2,$D$68+($T80-0.1)*SLOPE($C$68:$D$68,$C$62:$D$62),IF($T80<=0.5,$C$68+($T80-0.2)*SLOPE($B$68:$C$68,$B$62:$C$62),))))) -> 0.10944243
A81: 386 | B81: =PERCENTILE($C$75:$C$1074,$C81) -> 0.012020258 | C81: 0.0097719458 | D81: =1/C81 -> 102.33376 | E81: =IF($C81<=0.005,$F$14,IF($C81<=0.01,$F$14+($C81-0.005)*SLOPE($E$14:$F$14,$E$11:$F$11),IF($C81<=0.04,$E$14+($C81-0.01)*SLOPE($D$14:$E$14,$D$11:$E$11),IF($C81<=0.1,$D$14+($C81-0.04)*SLOPE($C$14:$D$14,$C$11:$D$11),IF($C81<=1,$C$14+($C81-0.1)*SLOPE($B$14:$C$14,$B$11:$C$11),))))) -> 0.33045611 | F81: =IF($C81<=0.005,$F$27,IF($C81<=0.01,$F$27+($C81-0.005)*SLOPE($E$27:$F$27,$E$24:$F$24),IF($C81<=0.04,$E$27+($C81-0.01)*SLOPE($D$27:$E$27,$D$24:$E$24),IF($C81<=0.1,$D$27+($C81-0.04)*SLOPE($C$27:$D$27,$C$24:$D$24),IF($C81<=1,$C$27+($C81-0.1)*SLOPE($B$27:$C$27,$B$24:$C$24),))))) -> 0.39045611 | G81: =IF($C81<=0.005,$F$15,IF($C81<=0.01,$F$15+($C81-0.005)*SLOPE($E$15:$F$15,$E$11:$F$11),IF($C81<=0.04,$E$15+($C81-0.01)*SLOPE($D$15:$E$15,$D$11:$E$11),IF($C81<=0.1,$D$15+($C81-0.04)*SLOPE($C$15:$D$15,$C$11:$D$11),IF($C81<=1,$C$15+($C81-0.1)*SLOPE($B$15:$C$15,$B$11:$C$11),))))) -> 0.18045611 | H81: =IF($C81<=0.005,$F$28,IF($C81<=0.01,$F$28+($C81-0.005)*SLOPE($E$28:$F$28,$E$24:$F$24),IF($C81<=0.04,$E$28+($C81-0.01)*SLOPE($D$28:$E$28,$D$24:$E$24),IF($C81<=0.1,$D$28+($C81-0.04)*SLOPE($C$28:$D$28,$C$24:$D$24),IF($C81<=1,$C$28+($C81-0.1)*SLOPE($B$28:$C$28,$B$24:$C$24),))))) -> 0.17711903 | I81: =IF($C81<=0.005,$F$16,IF($C81<=0.01,$F$16+($C81-0.005)*SLOPE($E$16:$F$16,$E$11:$F$11),IF($C81<=0.04,$E$16+($C81-0.01)*SLOPE($D$16:$E$16,$D$11:$E$11),IF($C81<=0.1,$D$16+($C81-0.04)*SLOPE($C$16:$D$16,$C$11:$D$11),IF($C81<=1,$C$16+($C81-0.1)*SLOPE($B$16:$C$16,$B$11:$C$11),))))) -> 0.39951237 | J81: =IF($C81<=0.005,$F$29,IF($C81<=0.01,$F$29+($C81-0.005)*SLOPE($E$29:$F$29,$E$24:$F$24),IF($C81<=0.04,$E$29+($C81-0.01)*SLOPE($D$29:$E$29,$D$24:$E$24),IF($C81<=0.1,$D$29+($C81-0.04)*SLOPE($C$29:$D$29,$C$24:$D$24),IF($C81<=1,$C$29+($C81-0.1)*SLOPE($B$29:$C$29,$B$24:$C$24),))))) -> 0.43957906 | K81: =IF($C81<=0.005,$F$17,IF($C81<=0.01,$F$17+($C81-0.005)*SLOPE($E$17:$F$17,$E$11:$F$11),IF($C81<=0.04,$E$17+($C81-0.01)*SLOPE($D$17:$E$17,$D$11:$E$11),IF($C81<=0.1,$D$17+($C81-0.04)*SLOPE($C$17:$D$17,$C$11:$D$11),IF($C81<=1,$C$17+($C81-0.1)*SLOPE($B$17:$C$17,$B$11:$C$11),))))) -> 0.29945756 | L81: =IF($C81<=0.005,$F$30,IF($C81<=0.01,$F$30+($C81-0.005)*SLOPE($E$30:$F$30,$E$24:$F$24),IF($C81<=0.04,$E$30+($C81-0.01)*SLOPE($D$30:$E$30,$D$24:$E$24),IF($C81<=0.1,$D$30+($C81-0.04)*SLOPE($C$30:$D$30,$C$24:$D$24),IF($C81<=1,$C$30+($C81-0.1)*SLOPE($B$30:$C$30,$B$24:$C$24),))))) -> 0.29729951 | M81: =IF($C81<=0.005,$F$18,IF($C81<=0.01,$F$18+($C81-0.005)*SLOPE($E$18:$F$18,$E$11:$F$11),IF($C81<=0.04,$E$18+($C81-0.01)*SLOPE($D$18:$E$18,$D$11:$E$11),IF($C81<=0.1,$D$18+($C81-0.04)*SLOPE($C$18:$D$18,$C$11:$D$11),IF($C81<=1,$C$18+($C81-0.1)*SLOPE($B$18:$C$18,$B$11:$C$11),))))) -> 0.5376249 | N81: =IF($C81<=0.005,$F$31,IF($C81<=0.01,$F$31+($C81-0.005)*SLOPE($E$31:$F$31,$E$24:$F$24),IF($C81<=0.04,$E$31+($C81-0.01)*SLOPE($D$31:$E$31,$D$24:$E$24),IF($C81<=0.1,$D$31+($C81-0.04)*SLOPE($C$31:$D$31,$C$24:$D$24),IF($C81<=1,$C$31+($C81-0.1)*SLOPE($B$31:$C$31,$B$24:$C$24),))))) -> 0.53782495 | O81: =IF($C81<=0.005,$F$19,IF($C81<=0.01,$F$19+($C81-0.005)*SLOPE($E$19:$F$19,$E$11:$F$11),IF($C81<=0.04,$E$19+($C81-0.01)*SLOPE($D$19:$E$19,$D$11:$E$11),IF($C81<=0.1,$D$19+($C81-0.04)*SLOPE($C$19:$D$19,$C$11:$D$11),IF($C81<=1,$C$19+($C81-0.1)*SLOPE($B$19:$C$19,$B$11:$C$11),))))) -> 0.53746047 | P81: =IF($C81<=0.005,$F$32,IF($C81<=0.01,$F$32+($C81-0.005)*SLOPE($E$32:$F$32,$E$24:$F$24),IF($C81<=0.04,$E$32+($C81-0.01)*SLOPE($D$32:$E$32,$D$24:$E$24),IF($C81<=0.1,$D$32+($C81-0.04)*SLOPE($C$32:$D$32,$C$24:$D$24),IF($C81<=1,$C$32+($C81-0.1)*SLOPE($B$32:$C$32,$B$24:$C$24),))))) -> 0.53766048 | Q81: =IF($C81<=0.005,$F$20,IF($C81<=0.01,$F$20+($C81-0.005)*SLOPE($E$20:$F$20,$E$11:$F$11),IF($C81<=0.04,$E$20+($C81-0.01)*SLOPE($D$20:$E$20,$D$11:$E$11),IF($C81<=0.1,$D$20+($C81-0.04)*SLOPE($C$20:$D$20,$C$11:$D$11),IF($C81<=1,$C$20+($C81-0.1)*SLOPE($B$20:$C$20,$B$11:$C$11),))))) -> 14.319276 | T81: 0.70745258 | U81: =1/T81 -> 1.4135223 | V81: =IF($T81<=0.05,$F$63,IF($T81<=0.07,$F$63+($T81-0.05)*SLOPE($E$63:$F$63,$E$62:$F$62),IF($T81<=0.1,$E$63+($T81-0.07)*SLOPE($D$63:$E$63,$D$62:$E$62),IF($T81<=0.2,$D$63+($T81-0.1)*SLOPE($C$63:$D$63,$C$62:$D$62),IF($T81<=0.5,$C$63+($T81-0.2)*SLOPE($B$63:$C$63,$B$62:$C$62),))))) -> 0 | W81: =IF($T81<=0.05,$F$64,IF($T81<=0.07,$F$64+($T81-0.05)*SLOPE($E$64:$F$64,$E$62:$F$62),IF($T81<=0.1,$E$64+($T81-0.07)*SLOPE($D$64:$E$64,$D$62:$E$62),IF($T81<=0.2,$D$64+($T81-0.1)*SLOPE($C$64:$D$64,$C$62:$D$62),IF($T81<=0.5,$C$64+($T81-0.2)*SLOPE($B$64:$C$64,$B$62:$C$62),))))) -> 0 | X81: =IF($T81<=0.05,$F$65,IF($T81<=0.07,$F$65+($T81-0.05)*SLOPE($E$65:$F$65,$E$62:$F$62),IF($T81<=0.1,$E$65+($T81-0.07)*SLOPE($D$65:$E$65,$D$62:$E$62),IF($T81<=0.2,$D$65+($T81-0.1)*SLOPE($C$65:$D$65,$C$62:$D$62),IF($T81<=0.5,$C$65+($T81-0.2)*SLOPE($B$65:$C$65,$B$62:$C$62),))))) -> 0 | Y81: =IF($T81<=0.05,$F$66,IF($T81<=0.07,$F$66+($T81-0.05)*SLOPE($E$66:$F$66,$E$62:$F$62),IF($T81<=0.1,$E$66+($T81-0.07)*SLOPE($D$66:$E$66,$D$62:$E$62),IF($T81<=0.2,$D$66+($T81-0.1)*SLOPE($C$66:$D$66,$C$62:$D$62),IF($T81<=0.5,$C$66+($T81-0.2)*SLOPE($B$66:$C$66,$B$62:$C$62),))))) -> 0 | Z81: =IF($T81<=0.05,$F$67,IF($T81<=0.07,$F$67+($T81-0.05)*SLOPE($E$67:$F$67,$E$62:$F$62),IF($T81<=0.1,$E$67+($T81-0.07)*SLOPE($D$67:$E$67,$D$62:$E$62),IF($T81<=0.2,$D$67+($T81-0.1)*SLOPE($C$67:$D$67,$C$62:$D$62),IF($T81<=0.5,$C$67+($T81-0.2)*SLOPE($B$67:$C$67,$B$62:$C$62),))))) -> 0 | AA81: =IF($T81<=0.05,$F$68,IF($T81<=0.07,$F$68+($T81-0.05)*SLOPE($E$68:$F$68,$E$62:$F$62),IF($T81<=0.1,$E$68+($T81-0.07)*SLOPE($D$68:$E$68,$D$62:$E$62),IF($T81<=0.2,$D$68+($T81-0.1)*SLOPE($C$68:$D$68,$C$62:$D$62),IF($T81<=0.5,$C$68+($T81-0.2)*SLOPE($B$68:$C$68,$B$62:$C$62),))))) -> 0
A82: 448 | B82: =PERCENTILE($C$75:$C$1074,$C82) -> 0.012133353 | C82: 0.0099821911 | D82: =1/C82 -> 100.17841 | E82: =IF($C82<=0.005,$F$14,IF($C82<=0.01,$F$14+($C82-0.005)*SLOPE($E$14:$F$14,$E$11:$F$11),IF($C82<=0.04,$E$14+($C82-0.01)*SLOPE($D$14:$E$14,$D$11:$E$11),IF($C82<=0.1,$D$14+($C82-0.04)*SLOPE($C$14:$D$14,$C$11:$D$11),IF($C82<=1,$C$14+($C82-0.1)*SLOPE($B$14:$C$14,$B$11:$C$11),))))) -> 0.33003562 | F82: =IF($C82<=0.005,$F$27,IF($C82<=0.01,$F$27+($C82-0.005)*SLOPE($E$27:$F$27,$E$24:$F$24),IF($C82<=0.04,$E$27+($C82-0.01)*SLOPE($D$27:$E$27,$D$24:$E$24),IF($C82<=0.1,$D$27+($C82-0.04)*SLOPE($C$27:$D$27,$C$24:$D$24),IF($C82<=1,$C$27+($C82-0.1)*SLOPE($B$27:$C$27,$B$24:$C$24),))))) -> 0.39003562 | G82: =IF($C82<=0.005,$F$15,IF($C82<=0.01,$F$15+($C82-0.005)*SLOPE($E$15:$F$15,$E$11:$F$11),IF($C82<=0.04,$E$15+($C82-0.01)*SLOPE($D$15:$E$15,$D$11:$E$11),IF($C82<=0.1,$D$15+($C82-0.04)*SLOPE($C$15:$D$15,$C$11:$D$11),IF($C82<=1,$C$15+($C82-0.1)*SLOPE($B$15:$C$15,$B$11:$C$11),))))) -> 0.18003562 | H82: =IF($C82<=0.005,$F$28,IF($C82<=0.01,$F$28+($C82-0.005)*SLOPE($E$28:$F$28,$E$24:$F$24),IF($C82<=0.04,$E$28+($C82-0.01)*SLOPE($D$28:$E$28,$D$24:$E$24),IF($C82<=0.1,$D$28+($C82-0.04)*SLOPE($C$28:$D$28,$C$24:$D$24),IF($C82<=1,$C$28+($C82-0.1)*SLOPE($B$28:$C$28,$B$24:$C$24),))))) -> 0.17654499 | I82: =IF($C82<=0.005,$F$16,IF($C82<=0.01,$F$16+($C82-0.005)*SLOPE($E$16:$F$16,$E$11:$F$11),IF($C82<=0.04,$E$16+($C82-0.01)*SLOPE($D$16:$E$16,$D$11:$E$11),IF($C82<=0.1,$D$16+($C82-0.04)*SLOPE($C$16:$D$16,$C$11:$D$11),IF($C82<=1,$C$16+($C82-0.1)*SLOPE($B$16:$C$16,$B$11:$C$11),))))) -> 0.39896263 | J82: =IF($C82<=0.005,$F$29,IF($C82<=0.01,$F$29+($C82-0.005)*SLOPE($E$29:$F$29,$E$24:$F$24),IF($C82<=0.04,$E$29+($C82-0.01)*SLOPE($D$29:$E$29,$D$24:$E$24),IF($C82<=0.1,$D$29+($C82-0.04)*SLOPE($C$29:$D$29,$C$24:$D$24),IF($C82<=1,$C$29+($C82-0.1)*SLOPE($B$29:$C$29,$B$24:$C$24),))))) -> 0.43902928 | K82: =IF($C82<=0.005,$F$17,IF($C82<=0.01,$F$17+($C82-0.005)*SLOPE($E$17:$F$17,$E$11:$F$11),IF($C82<=0.04,$E$17+($C82-0.01)*SLOPE($D$17:$E$17,$D$11:$E$11),IF($C82<=0.1,$D$17+($C82-0.04)*SLOPE($C$17:$D$17,$C$11:$D$11),IF($C82<=1,$C$17+($C82-0.1)*SLOPE($B$17:$C$17,$B$11:$C$11),))))) -> 0.29890811 | L82: =IF($C82<=0.005,$F$30,IF($C82<=0.01,$F$30+($C82-0.005)*SLOPE($E$30:$F$30,$E$24:$F$24),IF($C82<=0.04,$E$30+($C82-0.01)*SLOPE($D$30:$E$30,$D$24:$E$24),IF($C82<=0.1,$D$30+($C82-0.04)*SLOPE($C$30:$D$30,$C$24:$D$24),IF($C82<=1,$C$30+($C82-0.1)*SLOPE($B$30:$C$30,$B$24:$C$24),))))) -> 0.29664765 | M82: =IF($C82<=0.005,$F$18,IF($C82<=0.01,$F$18+($C82-0.005)*SLOPE($E$18:$F$18,$E$11:$F$11),IF($C82<=0.04,$E$18+($C82-0.01)*SLOPE($D$18:$E$18,$D$11:$E$11),IF($C82<=0.1,$D$18+($C82-0.04)*SLOPE($C$18:$D$18,$C$11:$D$11),IF($C82<=1,$C$18+($C82-0.1)*SLOPE($B$18:$C$18,$B$11:$C$11),))))) -> 0.53681666 | N82: =IF($C82<=0.005,$F$31,IF($C82<=0.01,$F$31+($C82-0.005)*SLOPE($E$31:$F$31,$E$24:$F$24),IF($C82<=0.04,$E$31+($C82-0.01)*SLOPE($D$31:$E$31,$D$24:$E$24),IF($C82<=0.1,$D$31+($C82-0.04)*SLOPE($C$31:$D$31,$C$24:$D$24),IF($C82<=1,$C$31+($C82-0.1)*SLOPE($B$31:$C$31,$B$24:$C$24),))))) -> 0.53701659 | O82: =IF($C82<=0.005,$F$19,IF($C82<=0.01,$F$19+($C82-0.005)*SLOPE($E$19:$F$19,$E$11:$F$11),IF($C82<=0.04,$E$19+($C82-0.01)*SLOPE($D$19:$E$19,$D$11:$E$11),IF($C82<=0.1,$D$19+($C82-0.04)*SLOPE($C$19:$D$19,$C$11:$D$11),IF($C82<=1,$C$19+($C82-0.1)*SLOPE($B$19:$C$19,$B$11:$C$11),))))) -> 0.53665309 | P82: =IF($C82<=0.005,$F$32,IF($C82<=0.01,$F$32+($C82-0.005)*SLOPE($E$32:$F$32,$E$24:$F$24),IF($C82<=0.04,$E$32+($C82-0.01)*SLOPE($D$32:$E$32,$D$24:$E$24),IF($C82<=0.1,$D$32+($C82-0.04)*SLOPE($C$32:$D$32,$C$24:$D$24),IF($C82<=1,$C$32+($C82-0.1)*SLOPE($B$32:$C$32,$B$24:$C$24),))))) -> 0.53685298 | Q82: =IF($C82<=0.005,$F$20,IF($C82<=0.01,$F$20+($C82-0.005)*SLOPE($E$20:$F$20,$E$11:$F$11),IF($C82<=0.04,$E$20+($C82-0.01)*SLOPE($D$20:$E$20,$D$11:$E$11),IF($C82<=0.1,$D$20+($C82-0.04)*SLOPE($C$20:$D$20,$C$11:$D$11),IF($C82<=1,$C$20+($C82-0.1)*SLOPE($B$20:$C$20,$B$11:$C$11),))))) -> 14.024932 | T82: 0.49280452 | U82: =1/T82 -> 2.0292022 | V82: =IF($T82<=0.05,$F$63,IF($T82<=0.07,$F$63+($T82-0.05)*SLOPE($E$63:$F$63,$E$62:$F$62),IF($T82<=0.1,$E$63+($T82-0.07)*SLOPE($D$63:$E$63,$D$62:$E$62),IF($T82<=0.2,$D$63+($T82-0.1)*SLOPE($C$63:$D$63,$C$62:$D$62),IF($T82<=0.5,$C$63+($T82-0.2)*SLOPE($B$63:$C$63,$B$62:$C$62),))))) -> 0.058349198 | W82: =IF($T82<=0.05,$F$64,IF($T82<=0.07,$F$64+($T82-0.05)*SLOPE($E$64:$F$64,$E$62:$F$62),IF($T82<=0.1,$E$64+($T82-0.07)*SLOPE($D$64:$E$64,$D$62:$E$62),IF($T82<=0.2,$D$64+($T82-0.1)*SLOPE($C$64:$D$64,$C$62:$D$62),IF($T82<=0.5,$C$64+($T82-0.2)*SLOPE($B$64:$C$64,$B$62:$C$62),))))) -> 0.063434117 | X82: =IF($T82<=0.05,$F$65,IF($T82<=0.07,$F$65+($T82-0.05)*SLOPE($E$65:$F$65,$E$62:$F$62),IF($T82<=0.1,$E$65+($T82-0.07)*SLOPE($D$65:$E$65,$D$62:$E$62),IF($T82<=0.2,$D$65+($T82-0.1)*SLOPE($C$65:$D$65,$C$62:$D$62),IF($T82<=0.5,$C$65+($T82-0.2)*SLOPE($B$65:$C$65,$B$62:$C$62),))))) -> 0.073603955 | Y82: =IF($T82<=0.05,$F$66,IF($T82<=0.07,$F$66+($T82-0.05)*SLOPE($E$66:$F$66,$E$62:$F$62),IF($T82<=0.1,$E$66+($T82-0.07)*SLOPE($D$66:$E$66,$D$62:$E$62),IF($T82<=0.2,$D$66+($T82-0.1)*SLOPE($C$66:$D$66,$C$62:$D$62),IF($T82<=0.5,$C$66+($T82-0.2)*SLOPE($B$66:$C$66,$B$62:$C$62),))))) -> 0.081530943 | Z82: =IF($T82<=0.05,$F$67,IF($T82<=0.07,$F$67+($T82-0.05)*SLOPE($E$67:$F$67,$E$62:$F$62),IF($T82<=0.1,$E$67+($T82-0.07)*SLOPE($D$67:$E$67,$D$62:$E$62),IF($T82<=0.2,$D$67+($T82-0.1)*SLOPE($C$67:$D$67,$C$62:$D$62),IF($T82<=0.5,$C$67+($T82-0.2)*SLOPE($B$67:$C$67,$B$62:$C$62),))))) -> 0.086029644 | AA82: =IF($T82<=0.05,$F$68,IF($T82<=0.07,$F$68+($T82-0.05)*SLOPE($E$68:$F$68,$E$62:$F$62),IF($T82<=0.1,$E$68+($T82-0.07)*SLOPE($D$68:$E$68,$D$62:$E$62),IF($T82<=0.2,$D$68+($T82-0.1)*SLOPE($C$68:$D$68,$C$62:$D$62),IF($T82<=0.5,$C$68+($T82-0.2)*SLOPE($B$68:$C$68,$B$62:$C$62),))))) -> 0.095027046
A83: 354 | B83: =PERCENTILE($C$75:$C$1074,$C83) -> 0.012240461 | C83: 0.010078868 | D83: =1/C83 -> 99.217492 | E83: =IF($C83<=0.005,$F$14,IF($C83<=0.01,$F$14+($C83-0.005)*SLOPE($E$14:$F$14,$E$11:$F$11),IF($C83<=0.04,$E$14+($C83-0.01)*SLOPE($D$14:$E$14,$D$11:$E$11),IF($C83<=0.1,$D$14+($C83-0.04)*SLOPE($C$14:$D$14,$C$11:$D$11),IF($C83<=1,$C$14+($C83-0.1)*SLOPE($B$14:$C$14,$B$11:$C$11),))))) -> 0.32989484 | F83: =IF($C83<=0.005,$F$27,IF($C83<=0.01,$F$27+($C83-0.005)*SLOPE($E$27:$F$27,$E$24:$F$24),IF($C83<=0.04,$E$27+($C83-0.01)*SLOPE($D$27:$E$27,$D$24:$E$24),IF($C83<=0.1,$D$27+($C83-0.04)*SLOPE($C$27:$D$27,$C$24:$D$24),IF($C83<=1,$C$27+($C83-0.1)*SLOPE($B$27:$C$27,$B$24:$C$24),))))) -> 0.38989484 | G83: =IF($C83<=0.005,$F$15,IF($C83<=0.01,$F$15+($C83-0.005)*SLOPE($E$15:$F$15,$E$11:$F$11),IF($C83<=0.04,$E$15+($C83-0.01)*SLOPE($D$15:$E$15,$D$11:$E$11),IF($C83<=0.1,$D$15+($C83-0.04)*SLOPE($C$15:$D$15,$C$11:$D$11),IF($C83<=1,$C$15+($C83-0.1)*SLOPE($B$15:$C$15,$B$11:$C$11),))))) -> 0.17994742 | H83: =IF($C83<=0.005,$F$28,IF($C83<=0.01,$F$28+($C83-0.005)*SLOPE($E$28:$F$28,$E$24:$F$24),IF($C83<=0.04,$E$28+($C83-0.01)*SLOPE($D$28:$E$28,$D$24:$E$24),IF($C83<=0.1,$D$28+($C83-0.04)*SLOPE($C$28:$D$28,$C$24:$D$24),IF($C83<=1,$C$28+($C83-0.1)*SLOPE($B$28:$C$28,$B$24:$C$24),))))) -> 0.17644326 | I83: =IF($C83<=0.005,$F$16,IF($C83<=0.01,$F$16+($C83-0.005)*SLOPE($E$16:$F$16,$E$11:$F$11),IF($C83<=0.04,$E$16+($C83-0.01)*SLOPE($D$16:$E$16,$D$11:$E$11),IF($C83<=0.1,$D$16+($C83-0.04)*SLOPE($C$16:$D$16,$C$11:$D$11),IF($C83<=1,$C$16+($C83-0.1)*SLOPE($B$16:$C$16,$B$11:$C$11),))))) -> 0.39881792 | J83: =IF($C83<=0.005,$F$29,IF($C83<=0.01,$F$29+($C83-0.005)*SLOPE($E$29:$F$29,$E$24:$F$24),IF($C83<=0.04,$E$29+($C83-0.01)*SLOPE($D$29:$E$29,$D$24:$E$24),IF($C83<=0.1,$D$29+($C83-0.04)*SLOPE($C$29:$D$29,$C$24:$D$24),IF($C83<=1,$C$29+($C83-0.1)*SLOPE($B$29:$C$29,$B$24:$C$24),))))) -> 0.43888455 | K83: =IF($C83<=0.005,$F$17,IF($C83<=0.01,$F$17+($C83-0.005)*SLOPE($E$17:$F$17,$E$11:$F$11),IF($C83<=0.04,$E$17+($C83-0.01)*SLOPE($D$17:$E$17,$D$11:$E$11),IF($C83<=0.1,$D$17+($C83-0.04)*SLOPE($C$17:$D$17,$C$11:$D$11),IF($C83<=1,$C$17+($C83-0.1)*SLOPE($B$17:$C$17,$B$11:$C$11),))))) -> 0.29879798 | L83: =IF($C83<=0.005,$F$30,IF($C83<=0.01,$F$30+($C83-0.005)*SLOPE($E$30:$F$30,$E$24:$F$24),IF($C83<=0.04,$E$30+($C83-0.01)*SLOPE($D$30:$E$30,$D$24:$E$24),IF($C83<=0.1,$D$30+($C83-0.04)*SLOPE($C$30:$D$30,$C$24:$D$24),IF($C83<=1,$C$30+($C83-0.1)*SLOPE($B$30:$C$30,$B$24:$C$24),))))) -> 0.2965285 | M83: =IF($C83<=0.005,$F$18,IF($C83<=0.01,$F$18+($C83-0.005)*SLOPE($E$18:$F$18,$E$11:$F$11),IF($C83<=0.04,$E$18+($C83-0.01)*SLOPE($D$18:$E$18,$D$11:$E$11),IF($C83<=0.1,$D$18+($C83-0.04)*SLOPE($C$18:$D$18,$C$11:$D$11),IF($C83<=1,$C$18+($C83-0.1)*SLOPE($B$18:$C$18,$B$11:$C$11),))))) -> 0.53666409 | N83: =IF($C83<=0.005,$F$31,IF($C83<=0.01,$F$31+($C83-0.005)*SLOPE($E$31:$F$31,$E$24:$F$24),IF($C83<=0.04,$E$31+($C83-0.01)*SLOPE($D$31:$E$31,$D$24:$E$24),IF($C83<=0.1,$D$31+($C83-0.04)*SLOPE($C$31:$D$31,$C$24:$D$24),IF($C83<=1,$C$31+($C83-0.1)*SLOPE($B$31:$C$31,$B$24:$C$24),))))) -> 0.53686397 | O83: =IF($C83<=0.005,$F$19,IF($C83<=0.01,$F$19+($C83-0.005)*SLOPE($E$19:$F$19,$E$11:$F$11),IF($C83<=0.04,$E$19+($C83-0.01)*SLOPE($D$19:$E$19,$D$11:$E$11),IF($C83<=0.1,$D$19+($C83-0.04)*SLOPE($C$19:$D$19,$C$11:$D$11),IF($C83<=1,$C$19+($C83-0.1)*SLOPE($B$19:$C$19,$B$11:$C$11),))))) -> 0.5364991 | P83: =IF($C83<=0.005,$F$32,IF($C83<=0.01,$F$32+($C83-0.005)*SLOPE($E$32:$F$32,$E$24:$F$24),IF($C83<=0.04,$E$32+($C83-0.01)*SLOPE($D$32:$E$32,$D$24:$E$24),IF($C83<=0.1,$D$32+($C83-0.04)*SLOPE($C$32:$D$32,$C$24:$D$24),IF($C83<=1,$C$32+($C83-0.1)*SLOPE($B$32:$C$32,$B$24:$C$24),))))) -> 0.53669896 | Q83: =IF($C83<=0.005,$F$20,IF($C83<=0.01,$F$20+($C83-0.005)*SLOPE($E$20:$F$20,$E$11:$F$11),IF($C83<=0.04,$E$20+($C83-0.01)*SLOPE($D$20:$E$20,$D$11:$E$11),IF($C83<=0.1,$D$20+($C83-0.04)*SLOPE($C$20:$D$20,$C$11:$D$11),IF($C83<=1,$C$20+($C83-0.1)*SLOPE($B$20:$C$20,$B$11:$C$11),))))) -> 13.984226 | T83: 0.61301628 | U83: =1/T83 -> 1.6312781 | V83: =IF($T83<=0.05,$F$63,IF($T83<=0.07,$F$63+($T83-0.05)*SLOPE($E$63:$F$63,$E$62:$F$62),IF($T83<=0.1,$E$63+($T83-0.07)*SLOPE($D$63:$E$63,$D$62:$E$62),IF($T83<=0.2,$D$63+($T83-0.1)*SLOPE($C$63:$D$63,$C$62:$D$62),IF($T83<=0.5,$C$63+($T83-0.2)*SLOPE($B$63:$C$63,$B$62:$C$62),))))) -> 0 | W83: =IF($T83<=0.05,$F$64,IF($T83<=0.07,$F$64+($T83-0.05)*SLOPE($E$64:$F$64,$E$62:$F$62),IF($T83<=0.1,$E$64+($T83-0.07)*SLOPE($D$64:$E$64,$D$62:$E$62),IF($T83<=0.2,$D$64+($T83-0.1)*SLOPE($C$64:$D$64,$C$62:$D$62),IF($T83<=0.5,$C$64+($T83-0.2)*SLOPE($B$64:$C$64,$B$62:$C$62),))))) -> 0 | X83: =IF($T83<=0.05,$F$65,IF($T83<=0.07,$F$65+($T83-0.05)*SLOPE($E$65:$F$65,$E$62:$F$62),IF($T83<=0.1,$E$65+($T83-0.07)*SLOPE($D$65:$E$65,$D$62:$E$62),IF($T83<=0.2,$D$65+($T83-0.1)*SLOPE($C$65:$D$65,$C$62:$D$62),IF($T83<=0.5,$C$65+($T83-0.2)*SLOPE($B$65:$C$65,$B$62:$C$62),))))) -> 0 | Y83: =IF($T83<=0.05,$F$66,IF($T83<=0.07,$F$66+($T83-0.05)*SLOPE($E$66:$F$66,$E$62:$F$62),IF($T83<=0.1,$E$66+($T83-0.07)*SLOPE($D$66:$E$66,$D$62:$E$62),IF($T83<=0.2,$D$66+($T83-0.1)*SLOPE($C$66:$D$66,$C$62:$D$62),IF($T83<=0.5,$C$66+($T83-0.2)*SLOPE($B$66:$C$66,$B$62:$C$62),))))) -> 0 | Z83: =IF($T83<=0.05,$F$67,IF($T83<=0.07,$F$67+($T83-0.05)*SLOPE($E$67:$F$67,$E$62:$F$62),IF($T83<=0.1,$E$67+($T83-0.07)*SLOPE($D$67:$E$67,$D$62:$E$62),IF($T83<=0.2,$D$67+($T83-0.1)*SLOPE($C$67:$D$67,$C$62:$D$62),IF($T83<=0.5,$C$67+($T83-0.2)*SLOPE($B$67:$C$67,$B$62:$C$62),))))) -> 0 | AA83: =IF($T83<=0.05,$F$68,IF($T83<=0.07,$F$68+($T83-0.05)*SLOPE($E$68:$F$68,$E$62:$F$62),IF($T83<=0.1,$E$68+($T83-0.07)*SLOPE($D$68:$E$68,$D$62:$E$62),IF($T83<=0.2,$D$68+($T83-0.1)*SLOPE($C$68:$D$68,$C$62:$D$62),IF($T83<=0.5,$C$68+($T83-0.2)*SLOPE($B$68:$C$68,$B$62:$C$62),))))) -> 0
A84: 362 | B84: =PERCENTILE($C$75:$C$1074,$C84) -> 0.014963564 | C84: 0.011609859 | D84: =1/C84 -> 86.133692 | E84: =IF($C84<=0.005,$F$14,IF($C84<=0.01,$F$14+($C84-0.005)*SLOPE($E$14:$F$14,$E$11:$F$11),IF($C84<=0.04,$E$14+($C84-0.01)*SLOPE($D$14:$E$14,$D$11:$E$11),IF($C84<=0.1,$D$14+($C84-0.04)*SLOPE($C$14:$D$14,$C$11:$D$11),IF($C84<=1,$C$14+($C84-0.1)*SLOPE($B$14:$C$14,$B$11:$C$11),))))) -> 0.32785352 | F84: =IF($C84<=0.005,$F$27,IF($C84<=0.01,$F$27+($C84-0.005)*SLOPE($E$27:$F$27,$E$24:$F$24),IF($C84<=0.04,$E$27+($C84-0.01)*SLOPE($D$27:$E$27,$D$24:$E$24),IF($C84<=0.1,$D$27+($C84-0.04)*SLOPE($C$27:$D$27,$C$24:$D$24),IF($C84<=1,$C$27+($C84-0.1)*SLOPE($B$27:$C$27,$B$24:$C$24),))))) -> 0.38785352 | G84: =IF($C84<=0.005,$F$15,IF($C84<=0.01,$F$15+($C84-0.005)*SLOPE($E$15:$F$15,$E$11:$F$11),IF($C84<=0.04,$E$15+($C84-0.01)*SLOPE($D$15:$E$15,$D$11:$E$11),IF($C84<=0.1,$D$15+($C84-0.04)*SLOPE($C$15:$D$15,$C$11:$D$11),IF($C84<=1,$C$15+($C84-0.1)*SLOPE($B$15:$C$15,$B$11:$C$11),))))) -> 0.17892676 | H84: =IF($C84<=0.005,$F$28,IF($C84<=0.01,$F$28+($C84-0.005)*SLOPE($E$28:$F$28,$E$24:$F$24),IF($C84<=0.04,$E$28+($C84-0.01)*SLOPE($D$28:$E$28,$D$24:$E$24),IF($C84<=0.1,$D$28+($C84-0.04)*SLOPE($C$28:$D$28,$C$24:$D$24),IF($C84<=1,$C$28+($C84-0.1)*SLOPE($B$28:$C$28,$B$24:$C$24),))))) -> 0.1754124 | I84: =IF($C84<=0.005,$F$16,IF($C84<=0.01,$F$16+($C84-0.005)*SLOPE($E$16:$F$16,$E$11:$F$11),IF($C84<=0.04,$E$16+($C84-0.01)*SLOPE($D$16:$E$16,$D$11:$E$11),IF($C84<=0.1,$D$16+($C84-0.04)*SLOPE($C$16:$D$16,$C$11:$D$11),IF($C84<=1,$C$16+($C84-0.1)*SLOPE($B$16:$C$16,$B$11:$C$11),))))) -> 0.39691276 | J84: =IF($C84<=0.005,$F$29,IF($C84<=0.01,$F$29+($C84-0.005)*SLOPE($E$29:$F$29,$E$24:$F$24),IF($C84<=0.04,$E$29+($C84-0.01)*SLOPE($D$29:$E$29,$D$24:$E$24),IF($C84<=0.1,$D$29+($C84-0.04)*SLOPE($C$29:$D$29,$C$24:$D$24),IF($C84<=1,$C$29+($C84-0.1)*SLOPE($B$29:$C$29,$B$24:$C$24),))))) -> 0.43697913 | K84: =IF($C84<=0.005,$F$17,IF($C84<=0.01,$F$17+($C84-0.005)*SLOPE($E$17:$F$17,$E$11:$F$11),IF($C84<=0.04,$E$17+($C84-0.01)*SLOPE($D$17:$E$17,$D$11:$E$11),IF($C84<=0.1,$D$17+($C84-0.04)*SLOPE($C$17:$D$17,$C$11:$D$11),IF($C84<=1,$C$17+($C84-0.1)*SLOPE($B$17:$C$17,$B$11:$C$11),))))) -> 0.29756362 | L84: =IF($C84<=0.005,$F$30,IF($C84<=0.01,$F$30+($C84-0.005)*SLOPE($E$30:$F$30,$E$24:$F$24),IF($C84<=0.04,$E$30+($C84-0.01)*SLOPE($D$30:$E$30,$D$24:$E$24),IF($C84<=0.1,$D$30+($C84-0.04)*SLOPE($C$30:$D$30,$C$24:$D$24),IF($C84<=1,$C$30+($C84-0.1)*SLOPE($B$30:$C$30,$B$24:$C$24),))))) -> 0.29528725 | M84: =IF($C84<=0.005,$F$18,IF($C84<=0.01,$F$18+($C84-0.005)*SLOPE($E$18:$F$18,$E$11:$F$11),IF($C84<=0.04,$E$18+($C84-0.01)*SLOPE($D$18:$E$18,$D$11:$E$11),IF($C84<=0.1,$D$18+($C84-0.04)*SLOPE($C$18:$D$18,$C$11:$D$11),IF($C84<=1,$C$18+($C84-0.1)*SLOPE($B$18:$C$18,$B$11:$C$11),))))) -> 0.53503123 | N84: =IF($C84<=0.005,$F$31,IF($C84<=0.01,$F$31+($C84-0.005)*SLOPE($E$31:$F$31,$E$24:$F$24),IF($C84<=0.04,$E$31+($C84-0.01)*SLOPE($D$31:$E$31,$D$24:$E$24),IF($C84<=0.1,$D$31+($C84-0.04)*SLOPE($C$31:$D$31,$C$24:$D$24),IF($C84<=1,$C$31+($C84-0.1)*SLOPE($B$31:$C$31,$B$24:$C$24),))))) -> 0.53523034 | O84: =IF($C84<=0.005,$F$19,IF($C84<=0.01,$F$19+($C84-0.005)*SLOPE($E$19:$F$19,$E$11:$F$11),IF($C84<=0.04,$E$19+($C84-0.01)*SLOPE($D$19:$E$19,$D$11:$E$11),IF($C84<=0.1,$D$19+($C84-0.04)*SLOPE($C$19:$D$19,$C$11:$D$11),IF($C84<=1,$C$19+($C84-0.1)*SLOPE($B$19:$C$19,$B$11:$C$11),))))) -> 0.53483734 | P84: =IF($C84<=0.005,$F$32,IF($C84<=0.01,$F$32+($C84-0.005)*SLOPE($E$32:$F$32,$E$24:$F$24),IF($C84<=0.04,$E$32+($C84-0.01)*SLOPE($D$32:$E$32,$D$24:$E$24),IF($C84<=0.1,$D$32+($C84-0.04)*SLOPE($C$32:$D$32,$C$24:$D$24),IF($C84<=1,$C$32+($C84-0.1)*SLOPE($B$32:$C$32,$B$24:$C$24),))))) -> 0.53503697 | Q84: =IF($C84<=0.005,$F$20,IF($C84<=0.01,$F$20+($C84-0.005)*SLOPE($E$20:$F$20,$E$11:$F$11),IF($C84<=0.04,$E$20+($C84-0.01)*SLOPE($D$20:$E$20,$D$11:$E$11),IF($C84<=0.1,$D$20+($C84-0.04)*SLOPE($C$20:$D$20,$C$11:$D$11),IF($C84<=1,$C$20+($C84-0.1)*SLOPE($B$20:$C$20,$B$11:$C$11),))))) -> 13.678028 | T84: 0.54577723 | U84: =1/T84 -> 1.8322494 | V84: =IF($T84<=0.05,$F$63,IF($T84<=0.07,$F$63+($T84-0.05)*SLOPE($E$63:$F$63,$E$62:$F$62),IF($T84<=0.1,$E$63+($T84-0.07)*SLOPE($D$63:$E$63,$D$62:$E$62),IF($T84<=0.2,$D$63+($T84-0.1)*SLOPE($C$63:$D$63,$C$62:$D$62),IF($T84<=0.5,$C$63+($T84-0.2)*SLOPE($B$63:$C$63,$B$62:$C$62),))))) -> 0 | W84: =IF($T84<=0.05,$F$64,IF($T84<=0.07,$F$64+($T84-0.05)*SLOPE($E$64:$F$64,$E$62:$F$62),IF($T84<=0.1,$E$64+($T84-0.07)*SLOPE($D$64:$E$64,$D$62:$E$62),IF($T84<=0.2,$D$64+($T84-0.1)*SLOPE($C$64:$D$64,$C$62:$D$62),IF($T84<=0.5,$C$64+($T84-0.2)*SLOPE($B$64:$C$64,$B$62:$C$62),))))) -> 0 | X84: =IF($T84<=0.05,$F$65,IF($T84<=0.07,$F$65+($T84-0.05)*SLOPE($E$65:$F$65,$E$62:$F$62),IF($T84<=0.1,$E$65+($T84-0.07)*SLOPE($D$65:$E$65,$D$62:$E$62),IF($T84<=0.2,$D$65+($T84-0.1)*SLOPE($C$65:$D$65,$C$62:$D$62),IF($T84<=0.5,$C$65+($T84-0.2)*SLOPE($B$65:$C$65,$B$62:$C$62),))))) -> 0 | Y84: =IF($T84<=0.05,$F$66,IF($T84<=0.07,$F$66+($T84-0.05)*SLOPE($E$66:$F$66,$E$62:$F$62),IF($T84<=0.1,$E$66+($T84-0.07)*SLOPE($D$66:$E$66,$D$62:$E$62),IF($T84<=0.2,$D$66+($T84-0.1)*SLOPE($C$66:$D$66,$C$62:$D$62),IF($T84<=0.5,$C$66+($T84-0.2)*SLOPE($B$66:$C$66,$B$62:$C$62),))))) -> 0 | Z84: =IF($T84<=0.05,$F$67,IF($T84<=0.07,$F$67+($T84-0.05)*SLOPE($E$67:$F$67,$E$62:$F$62),IF($T84<=0.1,$E$67+($T84-0.07)*SLOPE($D$67:$E$67,$D$62:$E$62),IF($T84<=0.2,$D$67+($T84-0.1)*SLOPE($C$67:$D$67,$C$62:$D$62),IF($T84<=0.5,$C$67+($T84-0.2)*SLOPE($B$67:$C$67,$B$62:$C$62),))))) -> 0 | AA84: =IF($T84<=0.05,$F$68,IF($T84<=0.07,$F$68+($T84-0.05)*SLOPE($E$68:$F$68,$E$62:$F$62),IF($T84<=0.1,$E$68+($T84-0.07)*SLOPE($D$68:$E$68,$D$62:$E$62),IF($T84<=0.2,$D$68+($T84-0.1)*SLOPE($C$68:$D$68,$C$62:$D$62),IF($T84<=0.5,$C$68+($T84-0.2)*SLOPE($B$68:$C$68,$B$62:$C$62),))))) -> 0
A85: 135 | B85: =PERCENTILE($C$75:$C$1074,$C85) -> 0.016129316 | C85: 0.012148317 | D85: =1/C85 -> 82.315929 | E85: =IF($C85<=0.005,$F$14,IF($C85<=0.01,$F$14+($C85-0.005)*SLOPE($E$14:$F$14,$E$11:$F$11),IF($C85<=0.04,$E$14+($C85-0.01)*SLOPE($D$14:$E$14,$D$11:$E$11),IF($C85<=0.1,$D$14+($C85-0.04)*SLOPE($C$14:$D$14,$C$11:$D$11),IF($C85<=1,$C$14+($C85-0.1)*SLOPE($B$14:$C$14,$B$11:$C$11),))))) -> 0.32713558 | F85: =IF($C85<=0.005,$F$27,IF($C85<=0.01,$F$27+($C85-0.005)*SLOPE($E$27:$F$27,$E$24:$F$24),IF($C85<=0.04,$E$27+($C85-0.01)*SLOPE($D$27:$E$27,$D$24:$E$24),IF($C85<=0.1,$D$27+($C85-0.04)*SLOPE($C$27:$D$27,$C$24:$D$24),IF($C85<=1,$C$27+($C85-0.1)*SLOPE($B$27:$C$27,$B$24:$C$24),))))) -> 0.38713558 | G85: =IF($C85<=0.005,$F$15,IF($C85<=0.01,$F$15+($C85-0.005)*SLOPE($E$15:$F$15,$E$11:$F$11),IF($C85<=0.04,$E$15+($C85-0.01)*SLOPE($D$15:$E$15,$D$11:$E$11),IF($C85<=0.1,$D$15+($C85-0.04)*SLOPE($C$15:$D$15,$C$11:$D$11),IF($C85<=1,$C$15+($C85-0.1)*SLOPE($B$15:$C$15,$B$11:$C$11),))))) -> 0.17856779 | H85: =IF($C85<=0.005,$F$28,IF($C85<=0.01,$F$28+($C85-0.005)*SLOPE($E$28:$F$28,$E$24:$F$24),IF($C85<=0.04,$E$28+($C85-0.01)*SLOPE($D$28:$E$28,$D$24:$E$24),IF($C85<=0.1,$D$28+($C85-0.04)*SLOPE($C$28:$D$28,$C$24:$D$24),IF($C85<=1,$C$28+($C85-0.1)*SLOPE($B$28:$C$28,$B$24:$C$24),))))) -> 0.17504983 | I85: =IF($C85<=0.005,$F$16,IF($C85<=0.01,$F$16+($C85-0.005)*SLOPE($E$16:$F$16,$E$11:$F$11),IF($C85<=0.04,$E$16+($C85-0.01)*SLOPE($D$16:$E$16,$D$11:$E$11),IF($C85<=0.1,$D$16+($C85-0.04)*SLOPE($C$16:$D$16,$C$11:$D$11),IF($C85<=1,$C$16+($C85-0.1)*SLOPE($B$16:$C$16,$B$11:$C$11),))))) -> 0.3962427 | J85: =IF($C85<=0.005,$F$29,IF($C85<=0.01,$F$29+($C85-0.005)*SLOPE($E$29:$F$29,$E$24:$F$24),IF($C85<=0.04,$E$29+($C85-0.01)*SLOPE($D$29:$E$29,$D$24:$E$24),IF($C85<=0.1,$D$29+($C85-0.04)*SLOPE($C$29:$D$29,$C$24:$D$24),IF($C85<=1,$C$29+($C85-0.1)*SLOPE($B$29:$C$29,$B$24:$C$24),))))) -> 0.43630898 | K85: =IF($C85<=0.005,$F$17,IF($C85<=0.01,$F$17+($C85-0.005)*SLOPE($E$17:$F$17,$E$11:$F$11),IF($C85<=0.04,$E$17+($C85-0.01)*SLOPE($D$17:$E$17,$D$11:$E$11),IF($C85<=0.1,$D$17+($C85-0.04)*SLOPE($C$17:$D$17,$C$11:$D$11),IF($C85<=1,$C$17+($C85-0.1)*SLOPE($B$17:$C$17,$B$11:$C$11),))))) -> 0.29712949 | L85: =IF($C85<=0.005,$F$30,IF($C85<=0.01,$F$30+($C85-0.005)*SLOPE($E$30:$F$30,$E$24:$F$24),IF($C85<=0.04,$E$30+($C85-0.01)*SLOPE($D$30:$E$30,$D$24:$E$24),IF($C85<=0.1,$D$30+($C85-0.04)*SLOPE($C$30:$D$30,$C$24:$D$24),IF($C85<=1,$C$30+($C85-0.1)*SLOPE($B$30:$C$30,$B$24:$C$24),))))) -> 0.2948507 | M85: =IF($C85<=0.005,$F$18,IF($C85<=0.01,$F$18+($C85-0.005)*SLOPE($E$18:$F$18,$E$11:$F$11),IF($C85<=0.04,$E$18+($C85-0.01)*SLOPE($D$18:$E$18,$D$11:$E$11),IF($C85<=0.1,$D$18+($C85-0.04)*SLOPE($C$18:$D$18,$C$11:$D$11),IF($C85<=1,$C$18+($C85-0.1)*SLOPE($B$18:$C$18,$B$11:$C$11),))))) -> 0.53445694 | N85: =IF($C85<=0.005,$F$31,IF($C85<=0.01,$F$31+($C85-0.005)*SLOPE($E$31:$F$31,$E$24:$F$24),IF($C85<=0.04,$E$31+($C85-0.01)*SLOPE($D$31:$E$31,$D$24:$E$24),IF($C85<=0.1,$D$31+($C85-0.04)*SLOPE($C$31:$D$31,$C$24:$D$24),IF($C85<=1,$C$31+($C85-0.1)*SLOPE($B$31:$C$31,$B$24:$C$24),))))) -> 0.53465578 | O85: =IF($C85<=0.005,$F$19,IF($C85<=0.01,$F$19+($C85-0.005)*SLOPE($E$19:$F$19,$E$11:$F$11),IF($C85<=0.04,$E$19+($C85-0.01)*SLOPE($D$19:$E$19,$D$11:$E$11),IF($C85<=0.1,$D$19+($C85-0.04)*SLOPE($C$19:$D$19,$C$11:$D$11),IF($C85<=1,$C$19+($C85-0.1)*SLOPE($B$19:$C$19,$B$11:$C$11),))))) -> 0.53425289 | P85: =IF($C85<=0.005,$F$32,IF($C85<=0.01,$F$32+($C85-0.005)*SLOPE($E$32:$F$32,$E$24:$F$24),IF($C85<=0.04,$E$32+($C85-0.01)*SLOPE($D$32:$E$32,$D$24:$E$24),IF($C85<=0.1,$D$32+($C85-0.04)*SLOPE($C$32:$D$32,$C$24:$D$24),IF($C85<=1,$C$32+($C85-0.1)*SLOPE($B$32:$C$32,$B$24:$C$24),))))) -> 0.53445243 | Q85: =IF($C85<=0.005,$F$20,IF($C85<=0.01,$F$20+($C85-0.005)*SLOPE($E$20:$F$20,$E$11:$F$11),IF($C85<=0.04,$E$20+($C85-0.01)*SLOPE($D$20:$E$20,$D$11:$E$11),IF($C85<=0.1,$D$20+($C85-0.04)*SLOPE($C$20:$D$20,$C$11:$D$11),IF($C85<=1,$C$20+($C85-0.1)*SLOPE($B$20:$C$20,$B$11:$C$11),))))) -> 13.570337 | T85: 0.8438716 | U85: =1/T85 -> 1.1850144 | V85: =IF($T85<=0.05,$F$63,IF($T85<=0.07,$F$63+($T85-0.05)*SLOPE($E$63:$F$63,$E$62:$F$62),IF($T85<=0.1,$E$63+($T85-0.07)*SLOPE($D$63:$E$63,$D$62:$E$62),IF($T85<=0.2,$D$63+($T85-0.1)*SLOPE($C$63:$D$63,$C$62:$D$62),IF($T85<=0.5,$C$63+($T85-0.2)*SLOPE($B$63:$C$63,$B$62:$C$62),))))) -> 0 | W85: =IF($T85<=0.05,$F$64,IF($T85<=0.07,$F$64+($T85-0.05)*SLOPE($E$64:$F$64,$E$62:$F$62),IF($T85<=0.1,$E$64+($T85-0.07)*SLOPE($D$64:$E$64,$D$62:$E$62),IF($T85<=0.2,$D$64+($T85-0.1)*SLOPE($C$64:$D$64,$C$62:$D$62),IF($T85<=0.5,$C$64+($T85-0.2)*SLOPE($B$64:$C$64,$B$62:$C$62),))))) -> 0 | X85: =IF($T85<=0.05,$F$65,IF($T85<=0.07,$F$65+($T85-0.05)*SLOPE($E$65:$F$65,$E$62:$F$62),IF($T85<=0.1,$E$65+($T85-0.07)*SLOPE($D$65:$E$65,$D$62:$E$62),IF($T85<=0.2,$D$65+($T85-0.1)*SLOPE($C$65:$D$65,$C$62:$D$62),IF($T85<=0.5,$C$65+($T85-0.2)*SLOPE($B$65:$C$65,$B$62:$C$62),))))) -> 0 | Y85: =IF($T85<=0.05,$F$66,IF($T85<=0.07,$F$66+($T85-0.05)*SLOPE($E$66:$F$66,$E$62:$F$62),IF($T85<=0.1,$E$66+($T85-0.07)*SLOPE($D$66:$E$66,$D$62:$E$62),IF($T85<=0.2,$D$66+($T85-0.1)*SLOPE($C$66:$D$66,$C$62:$D$62),IF($T85<=0.5,$C$66+($T85-0.2)*SLOPE($B$66:$C$66,$B$62:$C$62),))))) -> 0 | Z85: =IF($T85<=0.05,$F$67,IF($T85<=0.07,$F$67+($T85-0.05)*SLOPE($E$67:$F$67,$E$62:$F$62),IF($T85<=0.1,$E$67+($T85-0.07)*SLOPE($D$67:$E$67,$D$62:$E$62),IF($T85<=0.2,$D$67+($T85-0.1)*SLOPE($C$67:$D$67,$C$62:$D$62),IF($T85<=0.5,$C$67+($T85-0.2)*SLOPE($B$67:$C$67,$B$62:$C$62),))))) -> 0 | AA85: =IF($T85<=0.05,$F$68,IF($T85<=0.07,$F$68+($T85-0.05)*SLOPE($E$68:$F$68,$E$62:$F$62),IF($T85<=0.1,$E$68+($T85-0.07)*SLOPE($D$68:$E$68,$D$62:$E$62),IF($T85<=0.2,$D$68+($T85-0.1)*SLOPE($C$68:$D$68,$C$62:$D$62),IF($T85<=0.5,$C$68+($T85-0.2)*SLOPE($B$68:$C$68,$B$62:$C$62),))))) -> 0
A86: 84 | B86: =PERCENTILE($C$75:$C$1074,$C86) -> 0.018600814 | C86: 0.013487839 | D86: =1/C86 -> 74.140863 | E86: =IF($C86<=0.005,$F$14,IF($C86<=0.01,$F$14+($C86-0.005)*SLOPE($E$14:$F$14,$E$11:$F$11),IF($C86<=0.04,$E$14+($C86-0.01)*SLOPE($D$14:$E$14,$D$11:$E$11),IF($C86<=0.1,$D$14+($C86-0.04)*SLOPE($C$14:$D$14,$C$11:$D$11),IF($C86<=1,$C$14+($C86-0.1)*SLOPE($B$14:$C$14,$B$11:$C$11),))))) -> 0.32534955 | F86: =IF($C86<=0.005,$F$27,IF($C86<=0.01,$F$27+($C86-0.005)*SLOPE($E$27:$F$27,$E$24:$F$24),IF($C86<=0.04,$E$27+($C86-0.01)*SLOPE($D$27:$E$27,$D$24:$E$24),IF($C86<=0.1,$D$27+($C86-0.04)*SLOPE($C$27:$D$27,$C$24:$D$24),IF($C86<=1,$C$27+($C86-0.1)*SLOPE($B$27:$C$27,$B$24:$C$24),))))) -> 0.38534955 | G86: =IF($C86<=0.005,$F$15,IF($C86<=0.01,$F$15+($C86-0.005)*SLOPE($E$15:$F$15,$E$11:$F$11),IF($C86<=0.04,$E$15+($C86-0.01)*SLOPE($D$15:$E$15,$D$11:$E$11),IF($C86<=0.1,$D$15+($C86-0.04)*SLOPE($C$15:$D$15,$C$11:$D$11),IF($C86<=1,$C$15+($C86-0.1)*SLOPE($B$15:$C$15,$B$11:$C$11),))))) -> 0.17767477 | H86: =IF($C86<=0.005,$F$28,IF($C86<=0.01,$F$28+($C86-0.005)*SLOPE($E$28:$F$28,$E$24:$F$24),IF($C86<=0.04,$E$28+($C86-0.01)*SLOPE($D$28:$E$28,$D$24:$E$24),IF($C86<=0.1,$D$28+($C86-0.04)*SLOPE($C$28:$D$28,$C$24:$D$24),IF($C86<=1,$C$28+($C86-0.1)*SLOPE($B$28:$C$28,$B$24:$C$24),))))) -> 0.17414789 | I86: =IF($C86<=0.005,$F$16,IF($C86<=0.01,$F$16+($C86-0.005)*SLOPE($E$16:$F$16,$E$11:$F$11),IF($C86<=0.04,$E$16+($C86-0.01)*SLOPE($D$16:$E$16,$D$11:$E$11),IF($C86<=0.1,$D$16+($C86-0.04)*SLOPE($C$16:$D$16,$C$11:$D$11),IF($C86<=1,$C$16+($C86-0.1)*SLOPE($B$16:$C$16,$B$11:$C$11),))))) -> 0.3945758 | J86: =IF($C86<=0.005,$F$29,IF($C86<=0.01,$F$29+($C86-0.005)*SLOPE($E$29:$F$29,$E$24:$F$24),IF($C86<=0.04,$E$29+($C86-0.01)*SLOPE($D$29:$E$29,$D$24:$E$24),IF($C86<=0.1,$D$29+($C86-0.04)*SLOPE($C$29:$D$29,$C$24:$D$24),IF($C86<=1,$C$29+($C86-0.1)*SLOPE($B$29:$C$29,$B$24:$C$24),))))) -> 0.43464185 | K86: =IF($C86<=0.005,$F$17,IF($C86<=0.01,$F$17+($C86-0.005)*SLOPE($E$17:$F$17,$E$11:$F$11),IF($C86<=0.04,$E$17+($C86-0.01)*SLOPE($D$17:$E$17,$D$11:$E$11),IF($C86<=0.1,$D$17+($C86-0.04)*SLOPE($C$17:$D$17,$C$11:$D$11),IF($C86<=1,$C$17+($C86-0.1)*SLOPE($B$17:$C$17,$B$11:$C$11),))))) -> 0.2960495 | L86: =IF($C86<=0.005,$F$30,IF($C86<=0.01,$F$30+($C86-0.005)*SLOPE($E$30:$F$30,$E$24:$F$24),IF($C86<=0.04,$E$30+($C86-0.01)*SLOPE($D$30:$E$30,$D$24:$E$24),IF($C86<=0.1,$D$30+($C86-0.04)*SLOPE($C$30:$D$30,$C$24:$D$24),IF($C86<=1,$C$30+($C86-0.1)*SLOPE($B$30:$C$30,$B$24:$C$24),))))) -> 0.29376469 | M86: =IF($C86<=0.005,$F$18,IF($C86<=0.01,$F$18+($C86-0.005)*SLOPE($E$18:$F$18,$E$11:$F$11),IF($C86<=0.04,$E$18+($C86-0.01)*SLOPE($D$18:$E$18,$D$11:$E$11),IF($C86<=0.1,$D$18+($C86-0.04)*SLOPE($C$18:$D$18,$C$11:$D$11),IF($C86<=1,$C$18+($C86-0.1)*SLOPE($B$18:$C$18,$B$11:$C$11),))))) -> 0.53302829 | N86: =IF($C86<=0.005,$F$31,IF($C86<=0.01,$F$31+($C86-0.005)*SLOPE($E$31:$F$31,$E$24:$F$24),IF($C86<=0.04,$E$31+($C86-0.01)*SLOPE($D$31:$E$31,$D$24:$E$24),IF($C86<=0.1,$D$31+($C86-0.04)*SLOPE($C$31:$D$31,$C$24:$D$24),IF($C86<=1,$C$31+($C86-0.1)*SLOPE($B$31:$C$31,$B$24:$C$24),))))) -> 0.53322646 | O86: =IF($C86<=0.005,$F$19,IF($C86<=0.01,$F$19+($C86-0.005)*SLOPE($E$19:$F$19,$E$11:$F$11),IF($C86<=0.04,$E$19+($C86-0.01)*SLOPE($D$19:$E$19,$D$11:$E$11),IF($C86<=0.1,$D$19+($C86-0.04)*SLOPE($C$19:$D$19,$C$11:$D$11),IF($C86<=1,$C$19+($C86-0.1)*SLOPE($B$19:$C$19,$B$11:$C$11),))))) -> 0.53279895 | P86: =IF($C86<=0.005,$F$32,IF($C86<=0.01,$F$32+($C86-0.005)*SLOPE($E$32:$F$32,$E$24:$F$24),IF($C86<=0.04,$E$32+($C86-0.01)*SLOPE($D$32:$E$32,$D$24:$E$24),IF($C86<=0.1,$D$32+($C86-0.04)*SLOPE($C$32:$D$32,$C$24:$D$24),IF($C86<=1,$C$32+($C86-0.1)*SLOPE($B$32:$C$32,$B$24:$C$24),))))) -> 0.53299829 | Q86: =IF($C86<=0.005,$F$20,IF($C86<=0.01,$F$20+($C86-0.005)*SLOPE($E$20:$F$20,$E$11:$F$11),IF($C86<=0.04,$E$20+($C86-0.01)*SLOPE($D$20:$E$20,$D$11:$E$11),IF($C86<=0.1,$D$20+($C86-0.04)*SLOPE($C$20:$D$20,$C$11:$D$11),IF($C86<=1,$C$20+($C86-0.1)*SLOPE($B$20:$C$20,$B$11:$C$11),))))) -> 13.302432 | T86: 0.084677877 | U86: =1/T86 -> 11.80946 | V86: =IF($T86<=0.05,$F$63,IF($T86<=0.07,$F$63+($T86-0.05)*SLOPE($E$63:$F$63,$E$62:$F$62),IF($T86<=0.1,$E$63+($T86-0.07)*SLOPE($D$63:$E$63,$D$62:$E$62),IF($T86<=0.2,$D$63+($T86-0.1)*SLOPE($C$63:$D$63,$C$62:$D$62),IF($T86<=0.5,$C$63+($T86-0.2)*SLOPE($B$63:$C$63,$B$62:$C$62),))))) -> 0.095127062 | W86: =IF($T86<=0.05,$F$64,IF($T86<=0.07,$F$64+($T86-0.05)*SLOPE($E$64:$F$64,$E$62:$F$62),IF($T86<=0.1,$E$64+($T86-0.07)*SLOPE($D$64:$E$64,$D$62:$E$62),IF($T86<=0.2,$D$64+($T86-0.1)*SLOPE($C$64:$D$64,$C$62:$D$62),IF($T86<=0.5,$C$64+($T86-0.2)*SLOPE($B$64:$C$64,$B$62:$C$62),))))) -> 0.098392574 | X86: =IF($T86<=0.05,$F$65,IF($T86<=0.07,$F$65+($T86-0.05)*SLOPE($E$65:$F$65,$E$62:$F$62),IF($T86<=0.1,$E$65+($T86-0.07)*SLOPE($D$65:$E$65,$D$62:$E$62),IF($T86<=0.2,$D$65+($T86-0.1)*SLOPE($C$65:$D$65,$C$62:$D$62),IF($T86<=0.5,$C$65+($T86-0.2)*SLOPE($B$65:$C$65,$B$62:$C$62),))))) -> 0.1049236 | Y86: =IF($T86<=0.05,$F$66,IF($T86<=0.07,$F$66+($T86-0.05)*SLOPE($E$66:$F$66,$E$62:$F$62),IF($T86<=0.1,$E$66+($T86-0.07)*SLOPE($D$66:$E$66,$D$62:$E$62),IF($T86<=0.2,$D$66+($T86-0.1)*SLOPE($C$66:$D$66,$C$62:$D$62),IF($T86<=0.5,$C$66+($T86-0.2)*SLOPE($B$66:$C$66,$B$62:$C$62),))))) -> 0.13594127 | Z86: =IF($T86<=0.05,$F$67,IF($T86<=0.07,$F$67+($T86-0.05)*SLOPE($E$67:$F$67,$E$62:$F$62),IF($T86<=0.1,$E$67+($T86-0.07)*SLOPE($D$67:$E$67,$D$62:$E$62),IF($T86<=0.2,$D$67+($T86-0.1)*SLOPE($C$67:$D$67,$C$62:$D$62),IF($T86<=0.5,$C$67+($T86-0.2)*SLOPE($B$67:$C$67,$B$62:$C$62),))))) -> 0.1385716 | AA86: =IF($T86<=0.05,$F$68,IF($T86<=0.07,$F$68+($T86-0.05)*SLOPE($E$68:$F$68,$E$62:$F$62),IF($T86<=0.1,$E$68+($T86-0.07)*SLOPE($D$68:$E$68,$D$62:$E$62),IF($T86<=0.2,$D$68+($T86-0.1)*SLOPE($C$68:$D$68,$C$62:$D$62),IF($T86<=0.5,$C$68+($T86-0.2)*SLOPE($B$68:$C$68,$B$62:$C$62),))))) -> 0.14383225
... A1074: 559 | B1074: =PERCENTILE($C$75:$C$1074,$C1074) -> 0.99815449 | C1074: 0.9990248 | D1074: =1/C1074 -> 1.0009762 | E1074: =IF($C1074<=0.005,$F$14,IF($C1074<=0.01,$F$14+($C1074-0.005)*SLOPE($E$14:$F$14,$E$11:$F$11),IF($C1074<=0.04,$E$14+($C1074-0.01)*SLOPE($D$14:$E$14,$D$11:$E$11),IF($C1074<=0.1,$D$14+($C1074-0.04)*SLOPE($C$14:$D$14,$C$11:$D$11),IF($C1074<=1,$C$14+($C1074-0.1)*SLOPE($B$14:$C$14,$B$11:$C$11),))))) -> 0.00027088869 | F1074: =IF($C1074<=0.005,$F$27,IF($C1074<=0.01,$F$27+($C1074-0.005)*SLOPE($E$27:$F$27,$E$24:$F$24),IF($C1074<=0.04,$E$27+($C1074-0.01)*SLOPE($D$27:$E$27,$D$24:$E$24),IF($C1074<=0.1,$D$27+($C1074-0.04)*SLOPE($C$27:$D$27,$C$24:$D$24),IF($C1074<=1,$C$27+($C1074-0.1)*SLOPE($B$27:$C$27,$B$24:$C$24),))))) -> 0.00031423088 | G1074: =IF($C1074<=0.005,$F$15,IF($C1074<=0.01,$F$15+($C1074-0.005)*SLOPE($E$15:$F$15,$E$11:$F$11),IF($C1074<=0.04,$E$15+($C1074-0.01)*SLOPE($D$15:$E$15,$D$11:$E$11),IF($C1074<=0.1,$D$15+($C1074-0.04)*SLOPE($C$15:$D$15,$C$11:$D$11),IF($C1074<=1,$C$15+($C1074-0.1)*SLOPE($B$15:$C$15,$B$11:$C$11),))))) -> 9.751993e-05 | H1074: =IF($C1074<=0.005,$F$28,IF($C1074<=0.01,$F$28+($C1074-0.005)*SLOPE($E$28:$F$28,$E$24:$F$24),IF($C1074<=0.04,$E$28+($C1074-0.01)*SLOPE($D$28:$E$28,$D$24:$E$24),IF($C1074<=0.1,$D$28+($C1074-0.04)*SLOPE($C$28:$D$28,$C$24:$D$24),IF($C1074<=1,$C$28+($C1074-0.1)*SLOPE($B$28:$C$28,$B$24:$C$24),))))) -> 9.4497475e-05 | I1074: =IF($C1074<=0.005,$F$16,IF($C1074<=0.01,$F$16+($C1074-0.005)*SLOPE($E$16:$F$16,$E$11:$F$11),IF($C1074<=0.04,$E$16+($C1074-0.01)*SLOPE($D$16:$E$16,$D$11:$E$11),IF($C1074<=0.1,$D$16+($C1074-0.04)*SLOPE($C$16:$D$16,$C$11:$D$11),IF($C1074<=1,$C$16+($C1074-0.1)*SLOPE($B$16:$C$16,$B$11:$C$11),))))) -> 0.00034729139 | J1074: =IF($C1074<=0.005,$F$29,IF($C1074<=0.01,$F$29+($C1074-0.005)*SLOPE($E$29:$F$29,$E$24:$F$24),IF($C1074<=0.04,$E$29+($C1074-0.01)*SLOPE($D$29:$E$29,$D$24:$E$24),IF($C1074<=0.1,$D$29+($C1074-0.04)*SLOPE($C$29:$D$29,$C$24:$D$24),IF($C1074<=1,$C$29+($C1074-0.1)*SLOPE($B$29:$C$29,$B$24:$C$24),))))) -> 0.000376251 | K1074: =IF($C1074<=0.005,$F$17,IF($C1074<=0.01,$F$17+($C1074-0.005)*SLOPE($E$17:$F$17,$E$11:$F$11),IF($C1074<=0.04,$E$17+($C1074-0.01)*SLOPE($D$17:$E$17,$D$11:$E$11),IF($C1074<=0.1,$D$17+($C1074-0.04)*SLOPE($C$17:$D$17,$C$11:$D$11),IF($C1074<=1,$C$17+($C1074-0.1)*SLOPE($B$17:$C$17,$B$11:$C$11),))))) -> 0.00023136049 | L1074: =IF($C1074<=0.005,$F$30,IF($C1074<=0.01,$F$30+($C1074-0.005)*SLOPE($E$30:$F$30,$E$24:$F$24),IF($C1074<=0.04,$E$30+($C1074-0.01)*SLOPE($D$30:$E$30,$D$24:$E$24),IF($C1074<=0.1,$D$30+($C1074-0.04)*SLOPE($C$30:$D$30,$C$24:$D$24),IF($C1074<=1,$C$30+($C1074-0.1)*SLOPE($B$30:$C$30,$B$24:$C$24),))))) -> 0.00022941237 | M1074: =IF($C1074<=0.005,$F$18,IF($C1074<=0.01,$F$18+($C1074-0.005)*SLOPE($E$18:$F$18,$E$11:$F$11),IF($C1074<=0.04,$E$18+($C1074-0.01)*SLOPE($D$18:$E$18,$D$11:$E$11),IF($C1074<=0.1,$D$18+($C1074-0.04)*SLOPE($C$18:$D$18,$C$11:$D$11),IF($C1074<=1,$C$18+($C1074-0.1)*SLOPE($B$18:$C$18,$B$11:$C$11),))))) -> 0.00050009679 | N1074: =IF($C1074<=0.005,$F$31,IF($C1074<=0.01,$F$31+($C1074-0.005)*SLOPE($E$31:$F$31,$E$24:$F$24),IF($C1074<=0.04,$E$31+($C1074-0.01)*SLOPE($D$31:$E$31,$D$24:$E$24),IF($C1074<=0.1,$D$31+($C1074-0.04)*SLOPE($C$31:$D$31,$C$24:$D$24),IF($C1074<=1,$C$31+($C1074-0.1)*SLOPE($B$31:$C$31,$B$24:$C$24),))))) -> 0.00050029123 | O1074: =IF($C1074<=0.005,$F$19,IF($C1074<=0.01,$F$19+($C1074-0.005)*SLOPE($E$19:$F$19,$E$11:$F$11),IF($C1074<=0.04,$E$19+($C1074-0.01)*SLOPE($D$19:$E$19,$D$11:$E$11),IF($C1074<=0.1,$D$19+($C1074-0.04)*SLOPE($C$19:$D$19,$C$11:$D$11),IF($C1074<=1,$C$19+($C1074-0.1)*SLOPE($B$19:$C$19,$B$11:$C$11),))))) -> 0.0004990416 | P1074: =IF($C1074<=0.005,$F$32,IF($C1074<=0.01,$F$32+($C1074-0.005)*SLOPE($E$32:$F$32,$E$24:$F$24),IF($C1074<=0.04,$E$32+($C1074-0.01)*SLOPE($D$32:$E$32,$D$24:$E$24),IF($C1074<=0.1,$D$32+($C1074-0.04)*SLOPE($C$32:$D$32,$C$24:$D$24),IF($C1074<=1,$C$32+($C1074-0.1)*SLOPE($B$32:$C$32,$B$24:$C$24),))))) -> 0.00049924215 | Q1074: =IF($C1074<=0.005,$F$20,IF($C1074<=0.01,$F$20+($C1074-0.005)*SLOPE($E$20:$F$20,$E$11:$F$11),IF($C1074<=0.04,$E$20+($C1074-0.01)*SLOPE($D$20:$E$20,$D$11:$E$11),IF($C1074<=0.1,$D$20+($C1074-0.04)*SLOPE($C$20:$D$20,$C$11:$D$11),IF($C1074<=1,$C$20+($C1074-0.1)*SLOPE($B$20:$C$20,$B$11:$C$11),))))) -> 0.0075848834 | T1074: 0.025742396 | U1074: =1/T1074 -> 38.846423 | V1074: =IF($T1074<=0.05,$F$63,IF($T1074<=0.07,$F$63+($T1074-0.05)*SLOPE($E$63:$F$63,$E$62:$F$62),IF($T1074<=0.1,$E$63+($T1074-0.07)*SLOPE($D$63:$E$63,$D$62:$E$62),IF($T1074<=0.2,$D$63+($T1074-0.1)*SLOPE($C$63:$D$63,$C$62:$D$62),IF($T1074<=0.5,$C$63+($T1074-0.2)*SLOPE($B$63:$C$63,$B$62:$C$62),))))) -> 0.10304198 | W1074: =IF($T1074<=0.05,$F$64,IF($T1074<=0.07,$F$64+($T1074-0.05)*SLOPE($E$64:$F$64,$E$62:$F$62),IF($T1074<=0.1,$E$64+($T1074-0.07)*SLOPE($D$64:$E$64,$D$62:$E$62),IF($T1074<=0.2,$D$64+($T1074-0.1)*SLOPE($C$64:$D$64,$C$62:$D$62),IF($T1074<=0.5,$C$64+($T1074-0.2)*SLOPE($B$64:$C$64,$B$62:$C$62),))))) -> 0.10577537 | X1074: =IF($T1074<=0.05,$F$65,IF($T1074<=0.07,$F$65+($T1074-0.05)*SLOPE($E$65:$F$65,$E$62:$F$62),IF($T1074<=0.1,$E$65+($T1074-0.07)*SLOPE($D$65:$E$65,$D$62:$E$62),IF($T1074<=0.2,$D$65+($T1074-0.1)*SLOPE($C$65:$D$65,$C$62:$D$62),IF($T1074<=0.5,$C$65+($T1074-0.2)*SLOPE($B$65:$C$65,$B$62:$C$62),))))) -> 0.11124215 | Y1074: =IF($T1074<=0.05,$F$66,IF($T1074<=0.07,$F$66+($T1074-0.05)*SLOPE($E$66:$F$66,$E$62:$F$62),IF($T1074<=0.1,$E$66+($T1074-0.07)*SLOPE($D$66:$E$66,$D$62:$E$62),IF($T1074<=0.2,$D$66+($T1074-0.1)*SLOPE($C$66:$D$66,$C$62:$D$62),IF($T1074<=0.5,$C$66+($T1074-0.2)*SLOPE($B$66:$C$66,$B$62:$C$62),))))) -> 0.14763297 | Z1074: =IF($T1074<=0.05,$F$67,IF($T1074<=0.07,$F$67+($T1074-0.05)*SLOPE($E$67:$F$67,$E$62:$F$62),IF($T1074<=0.1,$E$67+($T1074-0.07)*SLOPE($D$67:$E$67,$D$62:$E$62),IF($T1074<=0.2,$D$67+($T1074-0.1)*SLOPE($C$67:$D$67,$C$62:$D$62),IF($T1074<=0.5,$C$67+($T1074-0.2)*SLOPE($B$67:$C$67,$B$62:$C$62),))))) -> 0.14970192 | AA1074: =IF($T1074<=0.05,$F$68,IF($T1074<=0.07,$F$68+($T1074-0.05)*SLOPE($E$68:$F$68,$E$62:$F$62),IF($T1074<=0.1,$E$68+($T1074-0.07)*SLOPE($D$68:$E$68,$D$62:$E$62),IF($T1074<=0.2,$D$68+($T1074-0.1)*SLOPE($C$68:$D$68,$C$62:$D$62),IF($T1074<=0.5,$C$68+($T1074-0.2)*SLOPE($B$68:$C$68,$B$62:$C$62),))))) -> 0.15383982

Sheet Sheet1
B1: baseline | F1: risk-informed planning
B2: 10 yr | C2: 25 yr | D2: 100 yr | E2: 200 yr | F2: 10 yr | G2: 25 yr | H2: 100 yr | I2: 200 yr
A3: Housing | B3: 92.689411 | C3: 107.72409 | D3: 148.57835 | E3: 154.2632 | F3: =B3*0.7 -> 64.882588 | G3: =C3*0.7 -> 75.406863 | H3: =D3*0.7 -> 104.00484 | I3: =E3*0.7 -> 107.98424
A4: Service | B4: 298.13222 | C4: 344.05971 | D4: 471.64263 | E4: 490.57679 | F4: =B4*0.6 -> 178.87933 | G4: =C4*0.6 -> 206.43583 | H4: =D4*0.7 -> 330.14984 | I4: =E4*0.7 -> 343.40375
A5: Industrial | B5: 357.43199 | C5: 412.4164 | D5: 565.35041 | E5: 588.07132 | F5: =B5*0.7 -> 250.2024 | G5: =C5*0.7 -> 288.69148 | H5: =D5*0.7 -> 395.74529 | I5: =E5*0.7 -> 411.64992
A6: Road | B6: 162.67653 | C6: 220.98389 | D6: 258.93896 | E6: 267.76727 | F6: =B6*0.8 -> 130.14123 | G6: =C6*0.8 -> 176.78711 | H6: =D6*0.9 -> 233.04506 | I6: =E6*0.9 -> 240.99055
A7: School | B7: 14.26354 | C7: 16.740495 | D7: 21.176521 | E7: 22.024288 | F7: =B7*0.7 -> 9.9844782 | G7: =C7*0.7 -> 11.718347 | H7: =D7*0.7 -> 14.823565 | I7: =E7*0.7 -> 15.417002
A8: Hospitals | B8: 5.5796796 | C8: 6.380008 | D8: 7.936351 | E8: 8.247432 | F8: =B8*0.7 -> 3.9057757 | G8: =C8*0.7 -> 4.4660056 | H8: =D8*0.7 -> 5.5554457 | I8: =E8*0.7 -> 5.7732024

Sheet Interpolation
A1: Services - 2020/2050 - 1 m
A2: 10 | E2: 25 | I2: 100 | M2: 200
B3: interpolation | F3: interpolation | J3: interpolation | N3: interpolation
A5: 2020 | B5: =MINDSET!C14 -> 0.25 | C5: =(B35-B5)/30 -> 0.0070511156 | E5: 2020 | F5: =MINDSET!D14 -> 0.29 | G5: =(F35-F5)/30 -> 0.0071584029 | I5: 2020 | J5: =MINDSET!E14 -> 0.33 | K5: =(J35-J5)/30 -> 0.0068916068 | M5: 2020 | N5: =MINDSET!F14 -> 0.34 | O5: =(N35-N5)/30 -> 0.0071989802
A6: 2021 | B6: =B5+$C$5 -> 0.25705112 | E6: 2021 | F6: =F5+$G$5 -> 0.2971584 | I6: 2021 | J6: =J5+$K$5 -> 0.33689161 | M6: 2021 | N6: =N5+$O$5 -> 0.34719898
A7: 2022 | B7: =B6+$C$5 -> 0.26410223 | E7: 2022 | F7: =F6+$G$5 -> 0.30431681 | I7: 2022 | J7: =J6+$K$5 -> 0.34378321 | M7: 2022 | N7: =N6+$O$5 -> 0.35439796
A8: 2023 | B8: =B7+$C$5 -> 0.27115335 | E8: 2023 | F8: =F7+$G$5 -> 0.31147521 | I8: 2023 | J8: =J7+$K$5 -> 0.35067482 | M8: 2023 | N8: =N7+$O$5 -> 0.36159694
A9: 2024 | B9: =B8+$C$5 -> 0.27820446 | E9: 2024 | F9: =F8+$G$5 -> 0.31863361 | I9: 2024 | J9: =J8+$K$5 -> 0.35756643 | M9: 2024 | N9: =N8+$O$5 -> 0.36879592
A10: 2025 | B10: =B9+$C$5 -> 0.28525558 | E10: 2025 | F10: =F9+$G$5 -> 0.32579201 | I10: 2025 | J10: =J9+$K$5 -> 0.36445803 | M10: 2025 | N10: =N9+$O$5 -> 0.3759949
A11: 2026 | B11: =B10+$C$5 -> 0.29230669 | E11: 2026 | F11: =F10+$G$5 -> 0.33295042 | I11: 2026 | J11: =J10+$K$5 -> 0.37134964 | M11: 2026 | N11: =N10+$O$5 -> 0.38319388
A12: 2027 | B12: =B11+$C$5 -> 0.29935781 | E12: 2027 | F12: =F11+$G$5 -> 0.34010882 | I12: 2027 | J12: =J11+$K$5 -> 0.37824125 | M12: 2027 | N12: =N11+$O$5 -> 0.39039286
A13: 2028 | B13: =B12+$C$5 -> 0.30640893 | E13: 2028 | F13: =F12+$G$5 -> 0.34726722 | I13: 2028 | J13: =J12+$K$5 -> 0.38513285 | M13: 2028 | N13: =N12+$O$5 -> 0.39759184
A14: 2029 | B14: =B13+$C$5 -> 0.31346004 | E14: 2029 | F14: =F13+$G$5 -> 0.35442563 | I14: 2029 | J14: =J13+$K$5 -> 0.39202446 | M14: 2029 | N14: =N13+$O$5 -> 0.40479082
A15: 2030 | B15: =B14+$C$5 -> 0.32051116 | E15: 2030 | F15: =F14+$G$5 -> 0.36158403 | I15: 2030 | J15: =J14+$K$5 -> 0.39891607 | M15: 2030 | N15: =N14+$O$5 -> 0.4119898
A16: 2031 | B16: =B15+$C$5 -> 0.32756227 | E16: 2031 | F16: =F15+$G$5 -> 0.36874243 | I16: 2031 | J16: =J15+$K$5 -> 0.40580767 | M16: 2031 | N16: =N15+$O$5 -> 0.41918878
A17: 2032 | B17: =B16+$C$5 -> 0.33461339 | E17: 2032 | F17: =F16+$G$5 -> 0.37590084 | I17: 2032 | J17: =J16+$K$5 -> 0.41269928 | M17: 2032 | N17: =N16+$O$5 -> 0.42638776
... A34: 2049 | B34: =B33+$C$5 -> 0.45448235 | E34: 2049 | F34: =F33+$G$5 -> 0.49759368 | I34: 2049 | J34: =J33+$K$5 -> 0.5298566 | M34: 2049 | N34: =N33+$O$5 -> 0.54877043
A35: 2050 | B35: =MINDSET!C18 -> 0.46153347 | E35: 2050 | F35: =MINDSET!D18 -> 0.50475209 | I35: 2050 | J35: =MINDSET!E18 -> 0.5367482 | M35: 2050 | N35: =MINDSET!F18 -> 0.55596941
A38: Services - 2020/2050 - 2 m
A39: 10 | E39: 25 | I39: 100 | M39: 200
B40: interpolation | F40: interpolation | J40: interpolation | N40: interpolation
A42: 2020 | B42: =MINDSET!C15 -> 0.09 | C42: =(B72-B42)/30 -> 0.012351988 | E42: 2020 | F42: =MINDSET!D15 -> 0.16 | G42: =(F72-F42)/30 -> 0.011467409 | I42: 2020 | J42: =MINDSET!E15 -> 0.18 | K42: =(J72-J42)/30 -> 0.011886157 | M42: 2020 | N42: =MINDSET!F15 -> 0.19 | O42: =(N72-N42)/30 -> 0.012192852
A43: 2021 | B43: =B42+$C$42 -> 0.10235199 | E43: 2021 | F43: =F42+$G$42 -> 0.17146741 | I43: 2021 | J43: =J42+$K$42 -> 0.19188616 | M43: 2021 | N43: =N42+$O$42 -> 0.20219285
A44: 2022 | B44: =B43+$C$42 -> 0.11470398 | E44: 2022 | F44: =F43+$G$42 -> 0.18293482 | I44: 2022 | J44: =J43+$K$42 -> 0.20377231 | M44: 2022 | N44: =N43+$O$42 -> 0.2143857
A45: 2023 | B45: =B44+$C$42 -> 0.12705596 | E45: 2023 | F45: =F44+$G$42 -> 0.19440223 | I45: 2023 | J45: =J44+$K$42 -> 0.21565847 | M45: 2023 | N45: =N44+$O$42 -> 0.22657856
A46: 2024 | B46: =B45+$C$42 -> 0.13940795 | E46: 2024 | F46: =F45+$G$42 -> 0.20586964 | I46: 2024 | J46: =J45+$K$42 -> 0.22754463 | M46: 2024 | N46: =N45+$O$42 -> 0.23877141
A47: 2025 | B47: =B46+$C$42 -> 0.15175994 | E47: 2025 | F47: =F46+$G$42 -> 0.21733705 | I47: 2025 | J47: =J46+$K$42 -> 0.23943078 | M47: 2025 | N47: =N46+$O$42 -> 0.25096426
A48: 2026 | B48: =B47+$C$42 -> 0.16411193 | E48: 2026 | F48: =F47+$G$42 -> 0.22880446 | I48: 2026 | J48: =J47+$K$42 -> 0.25131694 | M48: 2026 | N48: =N47+$O$42 -> 0.26315711
A49: 2027 | B49: =B48+$C$42 -> 0.17646392 | E49: 2027 | F49: =F48+$G$42 -> 0.24027187 | I49: 2027 | J49: =J48+$K$42 -> 0.2632031 | M49: 2027 | N49: =N48+$O$42 -> 0.27534997
A50: 2028 | B50: =B49+$C$42 -> 0.1888159 | E50: 2028 | F50: =F49+$G$42 -> 0.25173928 | I50: 2028 | J50: =J49+$K$42 -> 0.27508925 | M50: 2028 | N50: =N49+$O$42 -> 0.28754282
A51: 2029 | B51: =B50+$C$42 -> 0.20116789 | E51: 2029 | F51: =F50+$G$42 -> 0.26320668 | I51: 2029 | J51: =J50+$K$42 -> 0.28697541 | M51: 2029 | N51: =N50+$O$42 -> 0.29973567
A52: 2030 | B52: =B51+$C$42 -> 0.21351988 | E52: 2030 | F52: =F51+$G$42 -> 0.27467409 | I52: 2030 | J52: =J51+$K$42 -> 0.29886157 | M52: 2030 | N52: =N51+$O$42 -> 0.31192852
A53: 2031 | B53: =B52+$C$42 -> 0.22587187 | E53: 2031 | F53: =F52+$G$42 -> 0.2861415 | I53: 2031 | J53: =J52+$K$42 -> 0.31074772 | M53: 2031 | N53: =N52+$O$42 -> 0.32412138
A54: 2032 | B54: =B53+$C$42 -> 0.23822386 | E54: 2032 | F54: =F53+$G$42 -> 0.29760891 | I54: 2032 | J54: =J53+$K$42 -> 0.32263388 | M54: 2032 | N54: =N53+$O$42 -> 0.33631423
... A71: 2049 | B71: =B70+$C$42 -> 0.44820766 | E71: 2049 | F71: =F70+$G$42 -> 0.49255487 | I71: 2049 | J71: =J70+$K$42 -> 0.52469855 | M71: 2049 | N71: =N70+$O$42 -> 0.54359272
A72: 2050 | B72: =MINDSET!C19 -> 0.46055964 | E72: 2050 | F72: =MINDSET!D19 -> 0.50402228 | I72: 2050 | J72: =MINDSET!E19 -> 0.5365847 | M72: 2050 | N72: =MINDSET!F19 -> 0.55578557
A75: Production - 2020/2050 - 1 m
A76: 10 | E76: 25 | I76: 100 | M76: 200
B77: interpolation | F77: interpolation | J77: interpolation | N77: interpolation
A79: 2020 | B79: =MINDSET!C27 -> 0.29 | C79: =(B109-B79)/30 -> 0.0057237638 | E79: 2020 | F79: =MINDSET!D27 -> 0.35 | G79: =(F109-F79)/30 -> 0.0051645639 | I79: 2020 | J79: =MINDSET!E27 -> 0.39 | K79: =(J109-J79)/30 -> 0.0048982708 | M79: 2020 | N79: =MINDSET!F27 -> 0.4 | O79: =(N109-N79)/30 -> 0.0052057412
A80: 2021 | B80: =B79+$C$79 -> 0.29572376 | E80: 2021 | F80: =F79+$G$79 -> 0.35516456 | I80: 2021 | J80: =J79+$K$79 -> 0.39489827 | M80: 2021 | N80: =N79+$O$79 -> 0.40520574
A81: 2022 | B81: =B80+$C$79 -> 0.30144753 | E81: 2022 | F81: =F80+$G$79 -> 0.36032913 | I81: 2022 | J81: =J80+$K$79 -> 0.39979654 | M81: 2022 | N81: =N80+$O$79 -> 0.41041148
A82: 2023 | B82: =B81+$C$79 -> 0.30717129 | E82: 2023 | F82: =F81+$G$79 -> 0.36549369 | I82: 2023 | J82: =J81+$K$79 -> 0.40469481 | M82: 2023 | N82: =N81+$O$79 -> 0.41561722
A83: 2024 | B83: =B82+$C$79 -> 0.31289506 | E83: 2024 | F83: =F82+$G$79 -> 0.37065826 | I83: 2024 | J83: =J82+$K$79 -> 0.40959308 | M83: 2024 | N83: =N82+$O$79 -> 0.42082296
A84: 2025 | B84: =B83+$C$79 -> 0.31861882 | E84: 2025 | F84: =F83+$G$79 -> 0.37582282 | I84: 2025 | J84: =J83+$K$79 -> 0.41449135 | M84: 2025 | N84: =N83+$O$79 -> 0.42602871
A85: 2026 | B85: =B84+$C$79 -> 0.32434258 | E85: 2026 | F85: =F84+$G$79 -> 0.38098738 | I85: 2026 | J85: =J84+$K$79 -> 0.41938962 | M85: 2026 | N85: =N84+$O$79 -> 0.43123445
A86: 2027 | B86: =B85+$C$79 -> 0.33006635 | E86: 2027 | F86: =F85+$G$79 -> 0.38615195 | I86: 2027 | J86: =J85+$K$79 -> 0.4242879 | M86: 2027 | N86: =N85+$O$79 -> 0.43644019
A87: 2028 | B87: =B86+$C$79 -> 0.33579011 | E87: 2028 | F87: =F86+$G$79 -> 0.39131651 | I87: 2028 | J87: =J86+$K$79 -> 0.42918617 | M87: 2028 | N87: =N86+$O$79 -> 0.44164593
A88: 2029 | B88: =B87+$C$79 -> 0.34151387 | E88: 2029 | F88: =F87+$G$79 -> 0.39648108 | I88: 2029 | J88: =J87+$K$79 -> 0.43408444 | M88: 2029 | N88: =N87+$O$79 -> 0.44685167
A89: 2030 | B89: =B88+$C$79 -> 0.34723764 | E89: 2030 | F89: =F88+$G$79 -> 0.40164564 | I89: 2030 | J89: =J88+$K$79 -> 0.43898271 | M89: 2030 | N89: =N88+$O$79 -> 0.45205741
A90: 2031 | B90: =B89+$C$79 -> 0.3529614 | E90: 2031 | F90: =F89+$G$79 -> 0.4068102 | I90: 2031 | J90: =J89+$K$79 -> 0.44388098 | M90: 2031 | N90: =N89+$O$79 -> 0.45726315
A91: 2032 | B91: =B90+$C$79 -> 0.35868517 | E91: 2032 | F91: =F90+$G$79 -> 0.41197477 | I91: 2032 | J91: =J90+$K$79 -> 0.44877925 | M91: 2032 | N91: =N90+$O$79 -> 0.46246889
... A108: 2049 | B108: =B107+$C$79 -> 0.45598915 | E108: 2049 | F108: =F107+$G$79 -> 0.49977235 | I108: 2049 | J108: =J107+$K$79 -> 0.53204985 | M108: 2049 | N108: =N107+$O$79 -> 0.55096649
A109: 2050 | B109: =MINDSET!C31 -> 0.46171291 | E109: 2050 | F109: =MINDSET!D31 -> 0.50493692 | I109: 2050 | J109: =MINDSET!E31 -> 0.53694812 | M109: 2050 | N109: =MINDSET!F31 -> 0.55617224
A111: Production - 2020/2050 - 2 m
A112: 10 | E112: 25 | I112: 100 | M112: 200
B113: interpolation | F113: interpolation | J113: interpolation | N113: interpolation
A115: 2020 | B115: =MINDSET!C28 -> 0.087210612 | C115: =(B145-B115)/30 -> 0.012451137 | E115: 2020 | F115: =MINDSET!D28 -> 0.15629636 | G115: =(F145-F115)/30 -> 0.01159737 | I115: 2020 | J115: =MINDSET!E28 -> 0.17649637 | K115: =(J145-J115)/30 -> 0.012009607 | M115: 2020 | N115: =MINDSET!F28 -> 0.19014795 | O115: =(N145-N115)/30 -> 0.012194679
A116: 2021 | B116: =B115+$C$115 -> 0.099661749 | E116: 2021 | F116: =F115+$G$115 -> 0.16789373 | I116: 2021 | J116: =J115+$K$115 -> 0.18850597 | M116: 2021 | N116: =N115+$O$115 -> 0.20234263
A117: 2022 | B117: =B116+$C$115 -> 0.11211289 | E117: 2022 | F117: =F116+$G$115 -> 0.1794911 | I117: 2022 | J117: =J116+$K$115 -> 0.20051558 | M117: 2022 | N117: =N116+$O$115 -> 0.21453731
A118: 2023 | B118: =B117+$C$115 -> 0.12456402 | E118: 2023 | F118: =F117+$G$115 -> 0.19108847 | I118: 2023 | J118: =J117+$K$115 -> 0.21252519 | M118: 2023 | N118: =N117+$O$115 -> 0.22673199
A119: 2024 | B119: =B118+$C$115 -> 0.13701516 | E119: 2024 | F119: =F118+$G$115 -> 0.20268584 | I119: 2024 | J119: =J118+$K$115 -> 0.2245348 | M119: 2024 | N119: =N118+$O$115 -> 0.23892667
A120: 2025 | B120: =B119+$C$115 -> 0.1494663 | E120: 2025 | F120: =F119+$G$115 -> 0.21428321 | I120: 2025 | J120: =J119+$K$115 -> 0.2365444 | M120: 2025 | N120: =N119+$O$115 -> 0.25112135
A121: 2026 | B121: =B120+$C$115 -> 0.16191743 | E121: 2026 | F121: =F120+$G$115 -> 0.22588058 | I121: 2026 | J121: =J120+$K$115 -> 0.24855401 | M121: 2026 | N121: =N120+$O$115 -> 0.26331603
A122: 2027 | B122: =B121+$C$115 -> 0.17436857 | E122: 2027 | F122: =F121+$G$115 -> 0.23747795 | I122: 2027 | J122: =J121+$K$115 -> 0.26056362 | M122: 2027 | N122: =N121+$O$115 -> 0.2755107
A123: 2028 | B123: =B122+$C$115 -> 0.18681971 | E123: 2028 | F123: =F122+$G$115 -> 0.24907532 | I123: 2028 | J123: =J122+$K$115 -> 0.27257322 | M123: 2028 | N123: =N122+$O$115 -> 0.28770538
A124: 2029 | B124: =B123+$C$115 -> 0.19927085 | E124: 2029 | F124: =F123+$G$115 -> 0.26067269 | I124: 2029 | J124: =J123+$K$115 -> 0.28458283 | M124: 2029 | N124: =N123+$O$115 -> 0.29990006
A125: 2030 | B125: =B124+$C$115 -> 0.21172198 | E125: 2030 | F125: =F124+$G$115 -> 0.27227006 | I125: 2030 | J125: =J124+$K$115 -> 0.29659244 | M125: 2030 | N125: =N124+$O$115 -> 0.31209474
A126: 2031 | B126: =B125+$C$115 -> 0.22417312 | E126: 2031 | F126: =F125+$G$115 -> 0.28386743 | I126: 2031 | J126: =J125+$K$115 -> 0.30860205 | M126: 2031 | N126: =N125+$O$115 -> 0.32428942
A127: 2032 | B127: =B126+$C$115 -> 0.23662426 | E127: 2032 | F127: =F126+$G$115 -> 0.2954648 | I127: 2032 | J127: =J126+$K$115 -> 0.32061165 | M127: 2032 | N127: =N126+$O$115 -> 0.3364841
... A144: 2049 | B144: =B143+$C$115 -> 0.44829359 | E144: 2049 | F144: =F143+$G$115 -> 0.4926201 | I144: 2049 | J144: =J143+$K$115 -> 0.52477497 | M144: 2049 | N144: =N143+$O$115 -> 0.54379363
A145: 2050 | B145: =MINDSET!C32 -> 0.46074473 | E145: 2050 | F145: =MINDSET!D32 -> 0.50421747 | I145: 2050 | J145: =MINDSET!E32 -> 0.53678458 | M145: 2050 | N145: =MINDSET!F32 -> 0.55598831

Sheet Inundation
B1: 2020 - 1m cutoff | H1: 2020 - 2m cutoff
B2: services | D2: production | H2: services | J2: production | M2: duration (days)
B3: US$ million | C3: % | D3: US$ million | E3: % | H3: US$ million | I3: % | J3: US$ million | K3: %
A4: 10 | B4: 4775 | C4: 0.25 | D4: 5729 | E4: 0.29 | G4: 10 | H4: 1697.1107 | I4: =H4/$H$8 -> 0.08717545 | J4: 2035.8018 | K4: =J4/$J$8 -> 0.087210612 | M4: 7
A5: 25 | B5: 5639 | C5: 0.29 | D5: 6765 | E5: 0.35 | G5: 25 | H5: 3041.3836 | I5: =H5/$H$8 -> 0.15622668 | J5: 3648.5056 | K5: =J5/$J$8 -> 0.15629636 | M5: 8
A6: 100 | B6: 6369 | C6: 0.33 | D6: 7641 | E6: 0.39 | G6: 100 | H6: 3434.4242 | I6: =H6/$H$8 -> 0.17641599 | J6: 4120.0447 | K6: =J6/$J$8 -> 0.17649637 | M6: 14
A7: 200 | B7: 6524 | C7: 0.34 | D7: 7826 | E7: 0.4 | G7: 200 | H7: 3700.0709 | I7: =H7/$H$8 -> 0.19006146 | J7: 4438.7207 | K7: =J7/$J$8 -> 0.19014795 | M7: 21
A8: total asset | B8: 19467.76 | D8: 23343.51 | H8: 19467.76 | J8: 23343.51
B11: 2050 - 1m cutoff | H11: 2050 - 2m cutoff | M11: duration (days)
B12: Services | D12: Production | H12: services | J12: production
B13: US$ million | C13: % | D13: US$ million | H13: US$ million | I13: % | J13: US$ million | K13: %
A14: 10 | B14: ='GIS output'!D46 -> 8985.0228 | C14: =B14/$B$8 -> 0.46153347 | D14: ='GIS output'!D6 -> 10778 | E14: =D14/$D$8 -> 0.46171291 | G14: 10 | H14: ='GIS output'!D66 -> 8966.0646 | I14: =H14/$H$8 -> 0.46055964 | J14: ='GIS output'!D26 -> 10755.399 | K14: =J14/$J$8 -> 0.46074473
A15: 25 | B15: ='GIS output'!D50 -> 9826.3925 | C15: =B15/$B$8 -> 0.50475209 | D15: ='GIS output'!D10 -> 11787 | E15: =D15/$D$8 -> 0.50493692 | G15: 25 | H15: ='GIS output'!D70 -> 9812.1848 | I15: =H15/$H$8 -> 0.50402228 | J15: ='GIS output'!D30 -> 11770.206 | K15: =J15/$J$8 -> 0.50421747
A16: 100 | B16: ='GIS output'!D54 -> 10449.285 | C16: =B16/$B$8 -> 0.5367482 | D16: ='GIS output'!D14 -> 12534.254 | E16: =D16/$D$8 -> 0.53694812 | G16: 100 | H16: ='GIS output'!D74 -> 10446.102 | I16: =H16/$H$8 -> 0.5365847 | J16: ='GIS output'!D34 -> 12530.436 | K16: =J16/$J$8 -> 0.53678458
A17: 200 | B17: ='GIS output'!D58 -> 10823.479 | C17: =B17/$B$8 -> 0.55596941 | D17: ='GIS output'!D18 -> 12983.012 | E17: =D17/$D$8 -> 0.55617224 | G17: 200 | H17: ='GIS output'!D78 -> 10819.9 | I17: =H17/$H$8 -> 0.55578557 | J17: ='GIS output'!D38 -> 12978.719 | K17: =J17/$J$8 -> 0.55598831

Sheet GIS output
A1: Production | B1: 2050 - 1m cutoff
A2: GIS output
A3: Value | B3: COUNT | C3: AREA | D3: SUM
A4: 10:
A5: 0 | B5: 28145170 | C5: 19.545281 | D5: 0
A6: 1 | B6: 5342830 | C6: 3.7103032 | D6: 10778
A8: 25:
A9: 0 | B9: 27710956 | C9: 19.243743 | D9: 0
A10: 1 | B10: 5777044 | C10: 4.0118411 | D10: 11787
A12: 100:
A13: 0 | B13: 27188102 | C13: 18.88065 | D13: 0
A14: 1 | B14: 6299898 | C14: 4.3749346 | D14: 12534.254
A16: 200:
A17: 0 | B17: 26910078 | C17: 18.687577 | D17: 0
A18: 1 | B18: 6577922 | C18: 4.5680071 | D18: 12983.012
A21: Production | B21: 2050 - 2m cutoff
A22: GIS output
A23: Value | B23: COUNT | C23: AREA | D23: SUM
A24: 10:
A25: 0 | B25: 28154370 | C25: 19.55167 | D25: 0
A26: 1 | B26: 5333630 | C26: 3.7039143 | D26: 10755.399
A28: 25:
A29: 0 | B29: 27718912 | C29: 19.249268 | D29: 0
A30: 1 | B30: 5769088 | C30: 4.0063161 | D30: 11770.206
A32: 100:
A33: 0 | B33: 27190601 | C33: 18.882385 | D33: 0
A34: 1 | B34: 6297399 | C34: 4.3731992 | D34: 12530.436
A36: 200:
A37: 0 | B37: 26912478 | C37: 18.689244 | D37: 0
A38: 1 | B38: 6575522 | C38: 4.5663404 | D38: 12978.719
A41: Services | B41: 2050 - 1m cutoff
A42: GIS output
A43: Value | B43: COUNT | C43: AREA | D43: SUM
A44: 10:
A45: 0 | B45: 28145170 | C45: 19.545281 | D45: 0
A46: 1 | B46: 5342830 | C46: 3.7103032 | D46: 8985.0228
A48: 25:
A49: 0 | B49: 27710956 | C49: 19.243743 | D49: 0
A50: 1 | B50: 5777044 | C50: 4.0118411 | D50: 9826.3925
A52: 100:
A53: 0 | B53: 27188102 | C53: 18.88065 | D53: 0
A54: 1 | B54: 6299898 | C54: 4.3749346 | D54: 10449.285
A56: 200:
A57: 0 | B57: 26910078 | C57: 18.687577 | D57: 0
A58: 1 | B58: 6577922 | C58: 4.5680071 | D58: 10823.479
A61: Services | B61: 2050 - 2m cutoff
A62: GIS output
A63: Value | B63: COUNT | C63: AREA | D63: SUM
A64: 10:
A65: 0 | B65: 28154370 | C65: 19.55167 | D65: 0
A66: 1 | B66: 5333630 | C66: 3.7039143 | D66: 8966.0646
A68: 25:
A69: 0 | B69: 27718912 | C69: 19.249268 | D69: 0
A70: 1 | B70: 5769088 | C70: 4.0063161 | D70: 9812.1848
A72: 100:
A73: 0 | B73: 27190601 | C73: 18.882385 | D73: 0
A74: 1 | B74: 6297399 | C74: 4.3731992 | D74: 10446.102
A76: 200:
A77: 0 | B77: 26912478 | C77: 18.689244 | D77: 0
A78: 1 | B78: 6575522 | C78: 4.5663404 | D78: 10819.9

Sheet Drought (national AAL PML)
B2: Baseline period (1981 - 2016)
C4: Rice | E4: Maize
B5: Return Period | C5: Yield Reduction (% below expected yield)* | D5: Production Loss (tonnes)** | E5: Yield Reduction (% below expected yield)* | F5: Production Loss (tonnes)**
B6: 2 | C6: =4.7160759734853/100 -> 0.04716076 | D6: 397617.45 | E6: =7.13476295814538/100 -> 0.07134763 | F6: 73335.922
B7: 5 | C7: =6.84286556635579/100 -> 0.068428656 | D7: 576929.37 | E7: =10.2035265381599/100 -> 0.10203527 | F7: 104878.75
B8: 10 | C8: =8.36912839857312/100 -> 0.083691284 | D8: 705610.24 | E8: =12.3887339066809/100 -> 0.12388734 | F8: 127339.79
B9: 15 | C9: =9.18715610745094/100 -> 0.091871561 | D9: 774579.03 | E9: =13.5555488473993/100 -> 0.13555549 | F9: 139333.1
B10: 20 | C10: =9.73018535069361/100 -> 0.097301854 | D10: 820362.41 | E10: =14.3288183376401/100 -> 0.14328818 | F10: 147281.29
B11: AAL | C11: =2.53871993731417/100 -> 0.025387199 | D11: 214042.21 | E11: =7.84795158509794/100 -> 0.078479516 | F11: 80666.557
C12: *Yield (t/ha) reduction in percentage points (i.e. 4 means 4%)
C13: **Production (annual) based on average yield (in last 6 years) and harvested area (MapSPAM)
B16: Year 2050 (SSP126)
C18: Rice | E18: Maize
B19: Return Period | C19: Yield Reduction (% below expected yield)* | D19: Production Loss (tonnes)** | E19: Yield Reduction (% below expected yield)* | F19: Production Loss (tonnes)**
B20: 2 | C20: =6.40004335319037/100 -> 0.064000434 | D20: 539594.55 | E20: =7.56197162272405/100 -> 0.075619716 | F20: 77727.061
B21: 5 | C21: =8.51452909343315/100 -> 0.085145291 | D21: 717869.13 | E21: =10.401587632389/100 -> 0.10401588 | F21: 106914.56
B22: 10 | C22: =9.94428693267809/100 -> 0.099442869 | D22: 838413.55 | E22: =12.3894373998802/100 -> 0.12389437 | F22: 127347.02
B23: 15 | C23: =10.6927692211079/100 -> 0.10692769 | D23: 901518.9 | E23: =13.4442064297443/100 -> 0.13444206 | F23: 138188.65
B24: 20 | C24: =11.1848813530385/100 -> 0.11184881 | D24: 943009.4 | E24: =14.1414774881386/100 -> 0.14141477 | F24: 145355.68
B25: AAL | C25: =3.89903126956886/100 -> 0.038990313 | D25: 328731.53 | E25: =8.40725854085626/100 -> 0.084072585 | F25: 86415.492
B28: Year 2050 (SSP585)
C30: Rice | E30: Maize
B31: Return Period | C31: Yield Reduction (% below expected yield)* | D31: Production Loss (tonnes)** | E31: Yield Reduction (% below expected yield)* | F31: Production Loss (tonnes)**
B32: 2 | C32: =7.31895102120787/100 -> 0.07318951 | D32: 617068.65 | E32: =9.4386590213691/100 -> 0.09438659 | F32: 97016.924
B33: 5 | C33: =9.04688962752753/100 -> 0.090468896 | D33: 762753.02 | E33: =12.1089019523378/100 -> 0.12108902 | F33: 124463.49
B34: 10 | C34: =10.1689404844908/100 -> 0.1016894 | D34: 857354.33 | E34: =13.8717867980552/100 -> 0.13871787 | F34: 142583.61
B35: 15 | C35: =10.7468218054863/100 -> 0.10746822 | D35: 906076.13 | E35: =14.7856187991053/100 -> 0.14785619 | F35: 151976.6
B36: 20 | C36: =11.1242151947609/100 -> 0.11124215 | D36: 937894.57 | E36: =15.3839815546018/100 -> 0.15383982 | F36: 158126.97
B37: AAL | C37: =5.25190564917735/100 -> 0.052519056 | D37: 442793.83 | E37: =12.5125207718581/100 -> 0.12512521 | F37: 128612.16

Sheet Drought interpolation
A1: Rice
A2: 2 | E2: 5 | I2: 10 | M2: 15 | Q2: 20
B3: interpolation | F3: interpolation | J3: interpolation | N3: interpolation | R3: interpolation
A5: 1999 | B5: 4.716076 | C5: 0.051036766 | E5: 1999 | F5: 6.8428656 | G5: 0.043216158 | I5: 1999 | J5: 8.3691284 | K5: 0.035290433 | M5: 1999 | N5: 9.1871561 | O5: 0.03058168 | Q5: 1999 | R5: 9.7301854 | S5: 0.027333919
A6: 2000 | B6: 4.7671127 | E6: 2000 | F6: 6.8860817 | I6: 2000 | J6: 8.4044188 | M6: 2000 | N6: 9.2177378 | Q6: 2000 | R6: 9.7575193
A7: 2001 | B7: 4.8181495 | E7: 2001 | F7: 6.9292979 | I7: 2001 | J7: 8.4397093 | M7: 2001 | N7: 9.2483195 | Q7: 2001 | R7: 9.7848532
A8: 2002 | B8: 4.8691863 | E8: 2002 | F8: 6.972514 | I8: 2002 | J8: 8.4749997 | M8: 2002 | N8: 9.2789011 | Q8: 2002 | R8: 9.8121871
A9: 2003 | B9: 4.920223 | E9: 2003 | F9: 7.0157302 | I9: 2003 | J9: 8.5102901 | M9: 2003 | N9: 9.3094828 | Q9: 2003 | R9: 9.839521
A10: 2004 | B10: 4.9712598 | E10: 2004 | F10: 7.0589464 | I10: 2004 | J10: 8.5455806 | M10: 2004 | N10: 9.3400645 | Q10: 2004 | R10: 9.8668549
A11: 2005 | B11: 5.0222966 | E11: 2005 | F11: 7.1021625 | I11: 2005 | J11: 8.580871 | M11: 2005 | N11: 9.3706462 | Q11: 2005 | R11: 9.8941889
A12: 2006 | B12: 5.0733333 | E12: 2006 | F12: 7.1453787 | I12: 2006 | J12: 8.6161614 | M12: 2006 | N12: 9.4012279 | Q12: 2006 | R12: 9.9215228
A13: 2007 | B13: 5.1243701 | E13: 2007 | F13: 7.1885948 | I13: 2007 | J13: 8.6514519 | M13: 2007 | N13: 9.4318096 | Q13: 2007 | R13: 9.9488567
A14: 2008 | B14: 5.1754069 | E14: 2008 | F14: 7.231811 | I14: 2008 | J14: 8.6867423 | M14: 2008 | N14: 9.4623912 | Q14: 2008 | R14: 9.9761906
A15: 2009 | B15: 5.2264436 | E15: 2009 | F15: 7.2750271 | I15: 2009 | J15: 8.7220327 | M15: 2009 | N15: 9.4929729 | Q15: 2009 | R15: 10.003525
A16: 2010 | B16: 5.2774804 | E16: 2010 | F16: 7.3182433 | I16: 2010 | J16: 8.7573232 | M16: 2010 | N16: 9.5235546 | Q16: 2010 | R16: 10.030858
A17: 2011 | B17: 5.3285172 | E17: 2011 | F17: 7.3614595 | I17: 2011 | J17: 8.7926136 | M17: 2011 | N17: 9.5541363 | Q17: 2011 | R17: 10.058192
... A56: 2050 | B56: 7.318951 | E56: 2050 | F56: 9.0468896 | I56: 2050 | J56: 10.16894 | M56: 2050 | N56: 10.746822 | Q56: 2050 | R56: 11.124215
A59: Maize
A60: 2 | E60: 5 | I60: 10 | M60: 15 | Q60: 20
B61: interpolation | F61: interpolation | J61: interpolation | N61: interpolation | R61: interpolation
A63: 1999 | B63: 7.134763 | C63: 0.045174433 | E63: 1999 | F63: 10.203527 | G63: 0.037360302 | I63: 1999 | J63: 12.388734 | K63: 0.029079468 | M63: 1999 | N63: 13.555549 | O63: 0.024119019 | Q63: 1999 | R63: 14.328818 | S63: 0.020689475
A64: 2000 | B64: 7.1799374 | E64: 2000 | F64: 10.240887 | I64: 2000 | J64: 12.417813 | M64: 2000 | N64: 13.579668 | Q64: 2000 | R64: 14.349508
A65: 2001 | B65: 7.2251118 | E65: 2001 | F65: 10.278247 | I65: 2001 | J65: 12.446893 | M65: 2001 | N65: 13.603787 | Q65: 2001 | R65: 14.370197
A66: 2002 | B66: 7.2702863 | E66: 2002 | F66: 10.315607 | I66: 2002 | J66: 12.475972 | M66: 2002 | N66: 13.627906 | Q66: 2002 | R66: 14.390887
A67: 2003 | B67: 7.3154607 | E67: 2003 | F67: 10.352968 | I67: 2003 | J67: 12.505052 | M67: 2003 | N67: 13.652025 | Q67: 2003 | R67: 14.411576
A68: 2004 | B68: 7.3606351 | E68: 2004 | F68: 10.390328 | I68: 2004 | J68: 12.534131 | M68: 2004 | N68: 13.676144 | Q68: 2004 | R68: 14.432266
A69: 2005 | B69: 7.4058096 | E69: 2005 | F69: 10.427688 | I69: 2005 | J69: 12.563211 | M69: 2005 | N69: 13.700263 | Q69: 2005 | R69: 14.452955
A70: 2006 | B70: 7.450984 | E70: 2006 | F70: 10.465049 | I70: 2006 | J70: 12.59229 | M70: 2006 | N70: 13.724382 | Q70: 2006 | R70: 14.473645
A71: 2007 | B71: 7.4961584 | E71: 2007 | F71: 10.502409 | I71: 2007 | J71: 12.62137 | M71: 2007 | N71: 13.748501 | Q71: 2007 | R71: 14.494334
A72: 2008 | B72: 7.5413329 | E72: 2008 | F72: 10.539769 | I72: 2008 | J72: 12.650449 | M72: 2008 | N72: 13.77262 | Q72: 2008 | R72: 14.515024
A73: 2009 | B73: 7.5865073 | E73: 2009 | F73: 10.57713 | I73: 2009 | J73: 12.679529 | M73: 2009 | N73: 13.796739 | Q73: 2009 | R73: 14.535713
A74: 2010 | B74: 7.6316817 | E74: 2010 | F74: 10.61449 | I74: 2010 | J74: 12.708608 | M74: 2010 | N74: 13.820858 | Q74: 2010 | R74: 14.556403
A75: 2011 | B75: 7.6768561 | E75: 2011 | F75: 10.65185 | I75: 2011 | J75: 12.737688 | M75: 2011 | N75: 13.844977 | Q75: 2011 | R75: 14.577092
... A114: 2050 | B114: 9.438659 | E114: 2050 | F114: 12.108902 | I114: 2050 | J114: 13.871787 | M114: 2050 | N114: 14.785619 | Q114: 2050 | R114: 15.383982

Sheet Flood Affected Population
B2: Base year | D2: no adaptation | L2: with adaptation
D3: 2050 | L3: 2050
D4: SSP126 | H4: SSP585 | L4: SSP126 | P4: SSP585
D5: no socio-economic projections | F5: with socio-economic projections | H5: no socio-economic projections | J5: with socio-economic projections | L5: no socio-economic projections | N5: with socio-economic projections | P5: no socio-economic projections | R5: with socio-economic projections
B6: Number | C6: % | D6: Number | E6: % | F6: Number | G6: % | H6: Number | I6: % | J6: Number | K6: % | L6: Number | M6: % | N6: Number | O6: % | P6: Number | Q6: % | R6: Number | S6: %
A7: Banteay Meanchey | B7: 1652.0816 | C7: 0.26600133 | D7: 2367.8064 | E7: 0.38121406 | F7: 6162.6238 | G7: 0.75458221 | H7: 6506.8966 | I7: 1.0476028 | J7: 14726.704 | K7: 1.8032106 | N7: 3346.2638 | O7: 0.43806937 | R7: 9251.0989 | S7: 1.2110889
A8: Battambang | B8: 5083.0475 | C8: 0.23684658 | D8: 4794.814 | E8: 0.22341803 | F8: 9107.0336 | G8: 0.32548619 | H8: 12259.057 | I8: 0.57122015 | J8: 23335.75 | K8: 0.83402178 | N8: 6648.7957 | O8: 0.24695176 | R8: 17387.778 | S8: 0.64582257
A9: Kampong Cham | B9: 23252.328 | C9: 6.5307293 | D9: 19170.477 | E9: 5.3842817 | F9: 65423.365 | G9: 10.372581 | H9: 42717.481 | I9: 11.997769 | J9: 128551.02 | K9: 20.381188 | N9: 26428.11 | O9: 5.2750073 | R9: 59363.963 | S9: 11.84895
A10: Kampong Chhnang | B10: 11520.532 | C10: 5.0072904 | D10: 14069.527 | E10: 6.1150122 | F10: 30880.498 | G10: 8.148517 | H10: 38466.425 | I10: 16.718591 | J10: 83525.125 | K10: 22.039991 | N10: 18853.664 | O10: 5.9711728 | R10: 50706.485 | S10: 16.059328
A11: Kampong Speu | B11: 1397.9829 | C11: 0.3385137 | D11: 1202.5064 | E11: 0.29118989 | F11: 2287.2042 | G11: 0.32850015 | H11: 1887.8665 | I11: 0.45715153 | J11: 3574.0698 | K11: 0.51332647 | N11: 1811.574 | O11: 0.29899004 | R11: 2908.2996 | S11: 0.4799984
A12: Kampong Thom | B12: 5529.4801 | C12: 1.597598 | D12: 6273.7159 | E12: 1.8126089 | F12: 10777.384 | G12: 2.1047384 | H12: 15474.598 | I12: 4.4709377 | J12: 25997.079 | K12: 5.0770252 | N12: 7795.7084 | O12: 1.7621124 | R12: 19582.155 | S12: 4.4262762
A13: Kampot | B13: 2351.9713 | C13: 0.43188825 | D13: 2152.6412 | E13: 0.39528562 | F13: 3712.901 | G13: 0.44754226 | H13: 6170.4675 | I13: 1.1330718 | J13: 11261.054 | K13: 1.3573746 | N13: 3041.3463 | O13: 0.39492671 | R13: 9219.8115 | S13: 1.1972164
A14: Kandal | B14: 44867.915 | C14: 7.1341564 | D14: 46491.338 | E14: 7.3925327 | F14: 100115.2 | G14: 9.4753673 | H14: 120170.19 | I14: 19.108119 | J14: 272055.08 | K14: 25.748555 | N14: 66872.601 | O14: 7.4531791 | R14: 171257.04 | S14: 19.087181
A15: Koh Kong | B15: 542.39843 | C15: 1.0060133 | D15: 631.11238 | E15: 1.1705554 | F15: 1031.1663 | G15: 1.4740301 | H15: 815.43792 | I15: 1.5124331 | J15: 1188.024 | K15: 1.6982549 | N15: 756.36708 | O15: 1.1949395 | R15: 945.60943 | S15: 1.4939123
A16: Kratié | B16: 13414.602 | C16: 5.2908508 | D16: 22783.151 | E16: 8.9858986 | F16: 80949.252 | G16: 21.730351 | H16: 48634.623 | I16: 19.181974 | J16: 133439.88 | K16: 35.821152 | N16: 31630.79 | O16: 10.06044 | R16: 69435.449 | S16: 22.08453
A17: Mondulkiri | B17: 1084.4311 | C17: 0.73455306 | D17: 3948.4122 | E17: 2.6745067 | F17: 4112.6759 | G17: 2.1704856 | H17: 5792.4565 | I17: 3.9235934 | J17: 6285.0074 | K17: 3.3169446 | N17: 4065.2338 | O17: 2.1840982 | R17: 6090.0622 | S17: 3.2719628
A18: Phnom Penh | B18: 35994.252 | C18: 1.4442298 | D18: 63350.861 | E18: 2.5418604 | F18: 76040.412 | G18: 2.9333523 | H18: 297210.67 | I18: 11.925142 | J18: 322061.72 | K18: 12.423926 | N18: 68185.71 | O18: 2.6572102 | R18: 306156.57 | S18: 11.93098
... A32: Total | B32: 284185.12 | C32: 1.7442766 | D32: 334984.33 | E32: 2.0560706 | F32: 675523.67 | G32: 3.1306822 | H32: 896130.26 | I32: 5.5002785 | J32: 1622263.4 | K32: 7.5183023 | N32: 447053.13 | O32: 2.2115883 | R32: 1137427.7 | S32: 5.6268965

Sheet Drought Affected Population
B2: Base year | D2: no adaptation
D3: 2050
D4: SSP126 | H4: SSP585
D5: no socio-economic projections | F5: with socio-economic projections | H5: no socio-economic projections | J5: with socio-economic projections
B6: Number | C6: % | D6: Number | E6: % | F6: Number | G6: % | H6: Number | I6: % | J6: Number | K6: %
A7: Banteay Meanchey
A8: Battambang
A9: Kampong Cham
A10: Kampong Chhnang
A11: Kampong Speu
A12: Kampong Thom
A13: Kampot
A14: Kandal
A15: Koh Kong
A16: Kratié
A17: Mondulkiri
A18: Phnom Penh
... A32: Total

Sheet Flood AAL (admin 1)
B1: Base year | D1: no adaptation | L1: with adaptation
D2: 2050 | L2: 2050
D3: SSP126 | H3: SSP585 | L3: SSP126 | P3: SSP585
D4: no socio-economic projections | F4: with socio-economic projections | H4: no socio-economic projections | J4: with socio-economic projections | L4: no socio-economic projections | N4: with socio-economic projections | P4: no socio-economic projections | R4: with socio-economic projections
B5: AAL [million$] | C5: % | D5: AAL | E5: % | F5: AAL | G5: % | H5: AAL | I5: % | J5: AAL | K5: % | L5: AAL | M5: % | N5: AAL | O5: % | P5: AAL | Q5: % | R5: AAL | S5: %
A6: Banteay Meanchey | B6: 2.2192595 | C6: 0.11372062 | D6: 3.3691258 | E6: 0.17264276 | F6: 123.29363 | G6: 1.3704307 | H6: 9.4811951 | I6: 0.48584108 | J6: 364.20157 | K6: 4.0481655 | N6: 4.6686153 | O6: 0.19058209 | R6: 13.214329 | S6: 0.53943497
A7: Battambang | B7: 7.6527398 | C7: 0.18245795 | D7: 8.1497874 | E7: 0.19430865 | F7: 14.368729 | G7: 0.2430677 | H7: 20.00976 | I7: 0.47707617 | J7: 39.58546 | K7: 0.66964494 | N7: 10.764296 | O7: 0.19970245 | R7: 28.070619 | S7: 0.52077456
A8: Kampong Cham | B8: 51.525438 | C8: 2.4497996 | D8: 29.623017 | E8: 1.4084393 | F8: 102.3207 | G8: 2.682866 | H8: 93.368918 | I8: 4.4392662 | J8: 307.35177 | K8: 8.0588155 | N8: 43.446352 | O8: 1.4865304 | R8: 137.67271 | S8: 4.7105142
A9: Kampong Chhnang | B9: 35.710091 | C9: 2.8243632 | D9: 32.803733 | E9: 2.5944951 | F9: 76.04402 | G9: 1.1463486 | H9: 66.622842 | I9: 5.2692977 | J9: 149.57172 | K9: 2.254764 | N9: 47.497475 | O9: 2.8434666 | R9: 93.807769 | S9: 5.6158618
A10: Kampong Speu | B10: 1.2650459 | C10: 0.060316057 | D10: 1.0681459 | E10: 0.050928075 | F10: 1.8513186 | G10: 0.053682215 | H10: 2.4699108 | I10: 0.11776275 | J10: 4.5158247 | K10: 0.13094422 | N10: 1.5625122 | O10: 0.052107175 | R10: 3.6931436 | S10: 0.12316017
A11: Kampong Thom | B11: 8.5217081 | C11: 0.49651175 | D11: 10.113644 | E11: 0.58926486 | F11: 17.548454 | G11: 0.62794489 | H11: 24.205307 | I11: 1.4103064 | J11: 50.588146 | K11: 1.8102203 | N11: 12.586276 | O11: 0.57248099 | R11: 31.773035 | S11: 1.4451818
A12: Kampot | B12: 1.6559165 | C12: 0.091031344 | D12: 1.5356377 | E12: 0.08441921 | F12: 2.72251 | G12: 0.093790182 | H12: 7.7478555 | I12: 0.4259259 | J12: 14.658152 | K12: 0.5049718 | N12: 2.100855 | O12: 0.08018923 | R12: 11.553967 | S12: 0.44101271
A13: Kandal | B13: 102.98567 | C13: 3.1816174 | D13: 84.275862 | E13: 2.6036006 | F13: 531.53442 | G13: 6.4985999 | H13: 187.70726 | I13: 5.7989882 | J13: 1057.0166 | K13: 12.923204 | N13: 132.2872 | O13: 2.9396406 | R13: 294.06315 | S13: 6.5345702
A14: Koh Kong | B14: 0.49509882 | C14: 0.13424737 | D14: 0.94247456 | E14: 0.25555449 | F14: 1.4961215 | G14: 0.31999443 | H14: 1.3461442 | I14: 0.36501058 | J14: 2.2400927 | K14: 0.47911694 | N14: 1.1670248 | O14: 0.27628917 | R14: 1.7168422 | S14: 0.40645658
A15: Kratié | B15: 37.551358 | C15: 3.4319558 | D15: 28.739726 | E15: 2.6266285 | F15: 481.40872 | G15: 14.835174 | H15: 108.16967 | I15: 9.8860216 | J15: 1811.4535 | K15: 55.822062 | N15: 43.403071 | O15: 3.2910509 | R15: 158.3972 | S15: 12.010516
A16: Mondulkiri | B16: 1.2671934 | C16: 0.31264067 | D16: 1.9640595 | E16: 0.48457078 | F16: 2.4548719 | G16: 0.50377302 | H16: 5.1910945 | I16: 1.2807416 | J16: 6.3004403 | K16: 1.2929358 | N16: 2.3935039 | O16: 0.50384602 | R16: 6.1388734 | S16: 1.2922673
A17: Phnom Penh | B17: 35.571597 | C17: 0.26065839 | D17: 48.555899 | E17: 0.35580361 | F17: 66.621346 | G17: 0.47667244 | H17: 265.21201 | I17: 1.943397 | J17: 332.4547 | K17: 2.378697 | N17: 59.109716 | O17: 0.42583817 | R17: 313.98042 | S17: 2.2619775
... A31: Total | B31: 534.51948 | C31: 1.0070843 | D31: 465.869 | E31: 0.87774046 | F31: 3315.8299 | G31: 3.4608607 | H31: 1380.4419 | I31: 2.6008807 | J31: 10648.899 | K31: 11.11467 | N31: 686.46232 | O31: 1.0471519 | R31: 1995.9647 | S31: 3.0447092
A32: Total

Sheet Drought AAL (admin 1)
B2: Base year | D2: no adaptation
D3: 2050
D4: SSP126 | H4: SSP585
D5: no socio-economic projections | F5: with socio-economic projections | H5: no socio-economic projections | J5: with socio-economic projections
B6: Number | C6: % | D6: AAL | E6: % | F6: AAL | G6: % | H6: AAL | I6: % | J6: AAL | K6: %
A7: Banteay Meanchey
A8: Battambang
A9: Kampong Cham
A10: Kampong Chhnang
A11: Kampong Speu
A12: Kampong Thom
A13: Kampot
A14: Kandal
A15: Koh Kong
A16: Kratié
A17: Mondulkiri
A18: Phnom Penh
... A32: Total
